[2026-08-31 12:29:16,345] INFO in products_api: Creating new product
[2026-08-31 12:29:16,762] INFO in products_api: Creating new product
[2026-08-31 12:29:17,152] INFO in products_api: Fetching product with ID: 999999
[2026-08-31 12:29:17,546] INFO in products_api: Creating new product
[2026-08-31 12:29:17,929] INFO in products_api: Creating new product
[2026-08-31 12:29:18,302] INFO in products_api: Creating new product
[2026-08-31 12:29:18,680] INFO in products_api: Creating new product
[2026-08-31 12:29:19,060] INFO in _client: HTTP Request: POST http://test/api/v1/products "HTTP/1.1 422 Unprocessable Content"
[2026-08-31 12:29:19,063] INFO in _client: HTTP Request: POST http://test/api/v1/products "HTTP/1.1 422 Unprocessable Content"
[2026-08-31 13:41:53,233] INFO in products_api: Creating new product
[2026-08-31 13:41:53,273] INFO in base: select pg_catalog.version()
[2026-08-31 13:41:53,273] INFO in base: [raw sql] ()
[2026-08-31 13:41:53,275] INFO in base: select current_schema()
[2026-08-31 13:41:53,275] INFO in base: [raw sql] ()
[2026-08-31 13:41:53,277] INFO in base: show standard_conforming_strings
[2026-08-31 13:41:53,277] INFO in base: [raw sql] ()
[2026-08-31 13:41:53,278] INFO in base: BEGIN (implicit)
[2026-08-31 13:41:53,280] INFO in base: INSERT INTO products (name, price, currency, sku, quantity, is_active) VALUES ($1::VARCHAR, $2::NUMERIC(15, 2), $3::currency_enum, $4::VARCHAR, $5::NUMERIC(18, 3), $6::BOOLEAN) RETURNING products.id, products.created_at, products.updated_at
[2026-08-31 13:41:53,280] INFO in base: [generated in 0.00025s] ('Test Product', Decimal('19.99'), 'USD', 'TESTSKU123', Decimal('10'), True)
[2026-08-31 13:41:53,283] INFO in base: ROLLBACK
[2026-08-31 13:41:54,199] INFO in products_api: Creating new product
[2026-08-31 13:41:54,199] INFO in base: BEGIN (implicit)
[2026-08-31 13:41:54,200] INFO in base: INSERT INTO products (name, price, currency, sku, quantity, is_active) VALUES ($1::VARCHAR, $2::NUMERIC(15, 2), $3::currency_enum, $4::VARCHAR, $5::NUMERIC(18, 3), $6::BOOLEAN) RETURNING products.id, products.created_at, products.updated_at
[2026-08-31 13:41:54,200] INFO in base: [cached since 0.9198s ago] ('Test Product', Decimal('19.99'), 'USD', 'TESTSKU123', Decimal('10'), True)
[2026-08-31 13:41:54,201] INFO in base: ROLLBACK
[2026-08-31 13:41:55,044] INFO in products_api: Fetching product with ID: 999999
[2026-08-31 13:41:55,434] INFO in products_api: Creating new product
[2026-08-31 13:41:55,434] INFO in base: BEGIN (implicit)
[2026-08-31 13:41:55,442] INFO in base: INSERT INTO products (name, price, currency, sku, quantity, is_active) VALUES ($1::VARCHAR, $2::NUMERIC(15, 2), $3::currency_enum, $4::VARCHAR, $5::NUMERIC(18, 3), $6::BOOLEAN) RETURNING products.id, products.created_at, products.updated_at
[2026-08-31 13:41:55,443] INFO in base: [cached since 2.162s ago] ('Test Product', Decimal('19.99'), 'USD', 'TESTSKU123', Decimal('10'), True)
[2026-08-31 13:41:55,444] INFO in base: ROLLBACK
[2026-08-31 13:41:56,225] INFO in products_api: Creating new product
[2026-08-31 13:41:56,225] INFO in base: BEGIN (implicit)
[2026-08-31 13:41:56,226] INFO in base: INSERT INTO products (name, price, currency, sku, quantity, is_active) VALUES ($1::VARCHAR, $2::NUMERIC(15, 2), $3::currency_enum, $4::VARCHAR, $5::NUMERIC(18, 3), $6::BOOLEAN) RETURNING products.id, products.created_at, products.updated_at
[2026-08-31 13:41:56,226] INFO in base: [cached since 2.945s ago] ('Test Product', Decimal('19.99'), 'USD', 'TESTSKU123', Decimal('10'), True)
[2026-08-31 13:41:56,227] INFO in base: ROLLBACK
[2026-08-31 13:41:57,069] INFO in products_api: Creating new product
[2026-08-31 13:41:57,069] INFO in base: BEGIN (implicit)
[2026-08-31 13:41:57,069] INFO in base: INSERT INTO products (name, price, currency, sku, quantity, is_active) VALUES ($1::VARCHAR, $2::NUMERIC(15, 2), $3::currency_enum, $4::VARCHAR, $5::NUMERIC(18, 3), $6::BOOLEAN) RETURNING products.id, products.created_at, products.updated_at
[2026-08-31 13:41:57,070] INFO in base: [cached since 3.789s ago] ('Test Product', Decimal('19.99'), 'USD', 'TESTSKU123', Decimal('10'), True)
[2026-08-31 13:41:57,071] INFO in base: ROLLBACK
[2026-08-31 13:41:57,850] INFO in products_api: Creating new product
[2026-08-31 13:41:57,850] INFO in base: BEGIN (implicit)
[2026-08-31 13:41:57,851] INFO in base: INSERT INTO products (name, price, currency, sku, quantity, is_active) VALUES ($1::VARCHAR, $2::NUMERIC(15, 2), $3::currency_enum, $4::VARCHAR, $5::NUMERIC(18, 3), $6::BOOLEAN) RETURNING products.id, products.created_at, products.updated_at
[2026-08-31 13:41:57,851] INFO in base: [cached since 4.571s ago] ('Test Product', Decimal('-10.0'), 'USD', 'TESTSKU123', Decimal('10'), True)
[2026-08-31 13:41:57,852] INFO in base: ROLLBACK
[2026-08-31 13:41:58,628] INFO in _client: HTTP Request: POST http://test/api/v1/products "HTTP/1.1 422 Unprocessable Content"
[2026-08-31 13:41:58,632] INFO in _client: HTTP Request: POST http://test/api/v1/products "HTTP/1.1 422 Unprocessable Content"
[2026-08-31 13:48:26,371] INFO in products_api: Creating new product
[2026-08-31 13:48:26,409] INFO in base: select pg_catalog.version()
[2026-08-31 13:48:26,409] INFO in base: [raw sql] ()
[2026-08-31 13:48:26,411] INFO in base: select current_schema()
[2026-08-31 13:48:26,411] INFO in base: [raw sql] ()
[2026-08-31 13:48:26,413] INFO in base: show standard_conforming_strings
[2026-08-31 13:48:26,413] INFO in base: [raw sql] ()
[2026-08-31 13:48:26,414] INFO in base: BEGIN (implicit)
[2026-08-31 13:48:26,416] INFO in base: INSERT INTO products (name, price, currency, sku, quantity, is_active) VALUES ($1::VARCHAR, $2::NUMERIC(15, 2), $3::currency_enum, $4::VARCHAR, $5::NUMERIC(18, 3), $6::BOOLEAN) RETURNING products.id, products.created_at, products.updated_at
[2026-08-31 13:48:26,416] INFO in base: [generated in 0.00032s] ('Test Product', Decimal('19.99'), 'USD', 'TESTSKU123', Decimal('10'), True)
[2026-08-31 13:48:26,418] INFO in base: ROLLBACK
[2026-08-31 14:03:33,650] INFO in base: select pg_catalog.version()
[2026-08-31 14:03:33,651] INFO in base: [raw sql] ()
[2026-08-31 14:03:33,653] INFO in base: select current_schema()
[2026-08-31 14:03:33,654] INFO in base: [raw sql] ()
[2026-08-31 14:03:33,656] INFO in base: show standard_conforming_strings
[2026-08-31 14:03:33,656] INFO in base: [raw sql] ()
[2026-08-31 14:03:33,658] INFO in base: BEGIN (implicit)
[2026-08-31 14:03:33,665] INFO in base: SELECT pg_catalog.pg_class.relname 
FROM pg_catalog.pg_class JOIN pg_catalog.pg_namespace ON pg_catalog.pg_namespace.oid = pg_catalog.pg_class.relnamespace 
WHERE pg_catalog.pg_class.relname = $1::VARCHAR AND pg_catalog.pg_class.relkind = ANY (ARRAY[$2::VARCHAR, $3::VARCHAR, $4::VARCHAR, $5::VARCHAR, $6::VARCHAR]) AND pg_catalog.pg_table_is_visible(pg_catalog.pg_class.oid) AND pg_catalog.pg_namespace.nspname != $7::VARCHAR
[2026-08-31 14:03:33,665] INFO in base: [generated in 0.00056s] ('products', 'r', 'p', 'f', 'v', 'm', 'pg_catalog')
[2026-08-31 14:03:33,672] INFO in base: SELECT pg_catalog.pg_type.typname 
FROM pg_catalog.pg_type JOIN pg_catalog.pg_namespace ON pg_catalog.pg_namespace.oid = pg_catalog.pg_type.typnamespace 
WHERE pg_catalog.pg_type.typname = $1::VARCHAR AND pg_catalog.pg_type_is_visible(pg_catalog.pg_type.oid) AND pg_catalog.pg_namespace.nspname != $2::VARCHAR
[2026-08-31 14:03:33,673] INFO in base: [generated in 0.00067s] ('currency_enum', 'pg_catalog')
[2026-08-31 14:03:33,675] INFO in base: CREATE TYPE currency_enum AS ENUM ('USD', 'EUR', 'CAD')
[2026-08-31 14:03:33,676] INFO in base: [no key 0.00052s] ()
[2026-08-31 14:03:33,680] INFO in base: 
CREATE TABLE products (
	id SERIAL NOT NULL, 
	name VARCHAR(255) NOT NULL, 
	price NUMERIC(15, 2) NOT NULL, 
	currency currency_enum NOT NULL, 
	sku VARCHAR(100) NOT NULL, 
	quantity NUMERIC(18, 3) NOT NULL, 
	is_active BOOLEAN NOT NULL, 
	created_at TIMESTAMP WITHOUT TIME ZONE DEFAULT now() NOT NULL, 
	updated_at TIMESTAMP WITHOUT TIME ZONE DEFAULT now() NOT NULL, 
	PRIMARY KEY (id), 
	CONSTRAINT check_price_positive CHECK (price > 0), 
	CONSTRAINT check_quantity_non_negative CHECK (quantity >= 0), 
	UNIQUE (sku)
)


[2026-08-31 14:03:33,681] INFO in base: [no key 0.00054s] ()
[2026-08-31 14:03:33,688] INFO in base: COMMIT
[2026-08-31 14:03:33,704] INFO in products_api: Creating new product
[2026-08-31 14:03:33,708] INFO in base: BEGIN (implicit)
[2026-08-31 14:03:33,711] INFO in base: INSERT INTO products (name, price, currency, sku, quantity, is_active) VALUES ($1::VARCHAR, $2::NUMERIC(15, 2), $3::currency_enum, $4::VARCHAR, $5::NUMERIC(18, 3), $6::BOOLEAN) RETURNING products.id, products.created_at, products.updated_at
[2026-08-31 14:03:33,711] INFO in base: [generated in 0.00069s] ('Test Product', Decimal('19.99'), 'USD', 'TESTSKU123', Decimal('10'), True)
[2026-08-31 14:03:33,727] INFO in base: COMMIT
[2026-08-31 14:03:33,730] INFO in _client: HTTP Request: POST http://test/api/v1/products "HTTP/1.1 201 Created"
[2026-08-31 14:03:33,776] INFO in base: BEGIN (implicit)
[2026-08-31 14:03:33,776] INFO in base: SELECT pg_catalog.pg_class.relname 
FROM pg_catalog.pg_class JOIN pg_catalog.pg_namespace ON pg_catalog.pg_namespace.oid = pg_catalog.pg_class.relnamespace 
WHERE pg_catalog.pg_class.relname = $1::VARCHAR AND pg_catalog.pg_class.relkind = ANY (ARRAY[$2::VARCHAR, $3::VARCHAR, $4::VARCHAR, $5::VARCHAR, $6::VARCHAR]) AND pg_catalog.pg_table_is_visible(pg_catalog.pg_class.oid) AND pg_catalog.pg_namespace.nspname != $7::VARCHAR
[2026-08-31 14:03:33,776] INFO in base: [cached since 0.112s ago] ('products', 'r', 'p', 'f', 'v', 'm', 'pg_catalog')
[2026-08-31 14:03:33,779] INFO in base: 
DROP TABLE products
[2026-08-31 14:03:33,779] INFO in base: [no key 0.00043s] ()
[2026-08-31 14:03:33,783] INFO in base: SELECT pg_catalog.pg_type.typname 
FROM pg_catalog.pg_type JOIN pg_catalog.pg_namespace ON pg_catalog.pg_namespace.oid = pg_catalog.pg_type.typnamespace 
WHERE pg_catalog.pg_type.typname = $1::VARCHAR AND pg_catalog.pg_type_is_visible(pg_catalog.pg_type.oid) AND pg_catalog.pg_namespace.nspname != $2::VARCHAR
[2026-08-31 14:03:33,784] INFO in base: [cached since 0.1116s ago] ('currency_enum', 'pg_catalog')
[2026-08-31 14:03:33,785] INFO in base: DROP TYPE currency_enum
[2026-08-31 14:03:33,785] INFO in base: [no key 0.00016s] ()
[2026-08-31 14:03:33,786] INFO in base: COMMIT
[2026-08-31 14:03:33,788] INFO in base: BEGIN (implicit)
[2026-08-31 14:03:33,789] INFO in base: SELECT pg_catalog.pg_class.relname 
FROM pg_catalog.pg_class JOIN pg_catalog.pg_namespace ON pg_catalog.pg_namespace.oid = pg_catalog.pg_class.relnamespace 
WHERE pg_catalog.pg_class.relname = $1::VARCHAR AND pg_catalog.pg_class.relkind = ANY (ARRAY[$2::VARCHAR, $3::VARCHAR, $4::VARCHAR, $5::VARCHAR, $6::VARCHAR]) AND pg_catalog.pg_table_is_visible(pg_catalog.pg_class.oid) AND pg_catalog.pg_namespace.nspname != $7::VARCHAR
[2026-08-31 14:03:33,789] INFO in base: [cached since 0.1243s ago] ('products', 'r', 'p', 'f', 'v', 'm', 'pg_catalog')
[2026-08-31 14:03:33,790] INFO in base: SELECT pg_catalog.pg_type.typname 
FROM pg_catalog.pg_type JOIN pg_catalog.pg_namespace ON pg_catalog.pg_namespace.oid = pg_catalog.pg_type.typnamespace 
WHERE pg_catalog.pg_type.typname = $1::VARCHAR AND pg_catalog.pg_type_is_visible(pg_catalog.pg_type.oid) AND pg_catalog.pg_namespace.nspname != $2::VARCHAR
[2026-08-31 14:03:33,790] INFO in base: [cached since 0.1184s ago] ('currency_enum', 'pg_catalog')
[2026-08-31 14:03:33,792] INFO in base: CREATE TYPE currency_enum AS ENUM ('USD', 'EUR', 'CAD')
[2026-08-31 14:03:33,792] INFO in base: [no key 0.00019s] ()
[2026-08-31 14:03:33,794] INFO in base: 
CREATE TABLE products (
	id SERIAL NOT NULL, 
	name VARCHAR(255) NOT NULL, 
	price NUMERIC(15, 2) NOT NULL, 
	currency currency_enum NOT NULL, 
	sku VARCHAR(100) NOT NULL, 
	quantity NUMERIC(18, 3) NOT NULL, 
	is_active BOOLEAN NOT NULL, 
	created_at TIMESTAMP WITHOUT TIME ZONE DEFAULT now() NOT NULL, 
	updated_at TIMESTAMP WITHOUT TIME ZONE DEFAULT now() NOT NULL, 
	PRIMARY KEY (id), 
	CONSTRAINT check_price_positive CHECK (price > 0), 
	CONSTRAINT check_quantity_non_negative CHECK (quantity >= 0), 
	UNIQUE (sku)
)


[2026-08-31 14:03:33,794] INFO in base: [no key 0.00018s] ()
[2026-08-31 14:03:33,796] INFO in base: COMMIT
[2026-08-31 14:03:33,800] INFO in products_api: Creating new product
[2026-08-31 14:03:33,801] INFO in base: BEGIN (implicit)
[2026-08-31 14:03:33,801] INFO in base: INSERT INTO products (name, price, currency, sku, quantity, is_active) VALUES ($1::VARCHAR, $2::NUMERIC(15, 2), $3::currency_enum, $4::VARCHAR, $5::NUMERIC(18, 3), $6::BOOLEAN) RETURNING products.id, products.created_at, products.updated_at
[2026-08-31 14:03:33,801] INFO in base: [cached since 0.09101s ago] ('Test Product', Decimal('19.99'), 'USD', 'TESTSKU123', Decimal('10'), True)
[2026-08-31 14:03:33,809] INFO in base: COMMIT
[2026-08-31 14:03:33,810] INFO in _client: HTTP Request: POST http://test/api/v1/products "HTTP/1.1 201 Created"
[2026-08-31 14:03:33,812] INFO in products_api: Fetching product with ID: 1
[2026-08-31 14:03:34,200] INFO in base: BEGIN (implicit)
[2026-08-31 14:03:34,200] INFO in base: SELECT pg_catalog.pg_class.relname 
FROM pg_catalog.pg_class JOIN pg_catalog.pg_namespace ON pg_catalog.pg_namespace.oid = pg_catalog.pg_class.relnamespace 
WHERE pg_catalog.pg_class.relname = $1::VARCHAR AND pg_catalog.pg_class.relkind = ANY (ARRAY[$2::VARCHAR, $3::VARCHAR, $4::VARCHAR, $5::VARCHAR, $6::VARCHAR]) AND pg_catalog.pg_table_is_visible(pg_catalog.pg_class.oid) AND pg_catalog.pg_namespace.nspname != $7::VARCHAR
[2026-08-31 14:03:34,200] INFO in base: [cached since 0.5357s ago] ('products', 'r', 'p', 'f', 'v', 'm', 'pg_catalog')
[2026-08-31 14:03:34,202] INFO in base: 
DROP TABLE products
[2026-08-31 14:03:34,202] INFO in base: [no key 0.00020s] ()
[2026-08-31 14:03:34,205] INFO in base: SELECT pg_catalog.pg_type.typname 
FROM pg_catalog.pg_type JOIN pg_catalog.pg_namespace ON pg_catalog.pg_namespace.oid = pg_catalog.pg_type.typnamespace 
WHERE pg_catalog.pg_type.typname = $1::VARCHAR AND pg_catalog.pg_type_is_visible(pg_catalog.pg_type.oid) AND pg_catalog.pg_namespace.nspname != $2::VARCHAR
[2026-08-31 14:03:34,205] INFO in base: [cached since 0.5328s ago] ('currency_enum', 'pg_catalog')
[2026-08-31 14:03:34,206] INFO in base: DROP TYPE currency_enum
[2026-08-31 14:03:34,206] INFO in base: [no key 0.00018s] ()
[2026-08-31 14:03:34,208] INFO in base: COMMIT
[2026-08-31 14:03:34,219] INFO in base: BEGIN (implicit)
[2026-08-31 14:03:34,219] INFO in base: SELECT pg_catalog.pg_class.relname 
FROM pg_catalog.pg_class JOIN pg_catalog.pg_namespace ON pg_catalog.pg_namespace.oid = pg_catalog.pg_class.relnamespace 
WHERE pg_catalog.pg_class.relname = $1::VARCHAR AND pg_catalog.pg_class.relkind = ANY (ARRAY[$2::VARCHAR, $3::VARCHAR, $4::VARCHAR, $5::VARCHAR, $6::VARCHAR]) AND pg_catalog.pg_table_is_visible(pg_catalog.pg_class.oid) AND pg_catalog.pg_namespace.nspname != $7::VARCHAR
[2026-08-31 14:03:34,219] INFO in base: [cached since 0.5547s ago] ('products', 'r', 'p', 'f', 'v', 'm', 'pg_catalog')
[2026-08-31 14:03:34,221] INFO in base: SELECT pg_catalog.pg_type.typname 
FROM pg_catalog.pg_type JOIN pg_catalog.pg_namespace ON pg_catalog.pg_namespace.oid = pg_catalog.pg_type.typnamespace 
WHERE pg_catalog.pg_type.typname = $1::VARCHAR AND pg_catalog.pg_type_is_visible(pg_catalog.pg_type.oid) AND pg_catalog.pg_namespace.nspname != $2::VARCHAR
[2026-08-31 14:03:34,221] INFO in base: [cached since 0.5489s ago] ('currency_enum', 'pg_catalog')
[2026-08-31 14:03:34,222] INFO in base: CREATE TYPE currency_enum AS ENUM ('USD', 'EUR', 'CAD')
[2026-08-31 14:03:34,222] INFO in base: [no key 0.00015s] ()
[2026-08-31 14:03:34,224] INFO in base: 
CREATE TABLE products (
	id SERIAL NOT NULL, 
	name VARCHAR(255) NOT NULL, 
	price NUMERIC(15, 2) NOT NULL, 
	currency currency_enum NOT NULL, 
	sku VARCHAR(100) NOT NULL, 
	quantity NUMERIC(18, 3) NOT NULL, 
	is_active BOOLEAN NOT NULL, 
	created_at TIMESTAMP WITHOUT TIME ZONE DEFAULT now() NOT NULL, 
	updated_at TIMESTAMP WITHOUT TIME ZONE DEFAULT now() NOT NULL, 
	PRIMARY KEY (id), 
	CONSTRAINT check_price_positive CHECK (price > 0), 
	CONSTRAINT check_quantity_non_negative CHECK (quantity >= 0), 
	UNIQUE (sku)
)


[2026-08-31 14:03:34,224] INFO in base: [no key 0.00014s] ()
[2026-08-31 14:03:34,226] INFO in base: COMMIT
[2026-08-31 14:03:34,229] INFO in products_api: Fetching product with ID: 999999
[2026-08-31 14:03:34,631] INFO in base: BEGIN (implicit)
[2026-08-31 14:03:34,631] INFO in base: SELECT pg_catalog.pg_class.relname 
FROM pg_catalog.pg_class JOIN pg_catalog.pg_namespace ON pg_catalog.pg_namespace.oid = pg_catalog.pg_class.relnamespace 
WHERE pg_catalog.pg_class.relname = $1::VARCHAR AND pg_catalog.pg_class.relkind = ANY (ARRAY[$2::VARCHAR, $3::VARCHAR, $4::VARCHAR, $5::VARCHAR, $6::VARCHAR]) AND pg_catalog.pg_table_is_visible(pg_catalog.pg_class.oid) AND pg_catalog.pg_namespace.nspname != $7::VARCHAR
[2026-08-31 14:03:34,632] INFO in base: [cached since 0.9672s ago] ('products', 'r', 'p', 'f', 'v', 'm', 'pg_catalog')
[2026-08-31 14:03:34,634] INFO in base: 
DROP TABLE products
[2026-08-31 14:03:34,634] INFO in base: [no key 0.00017s] ()
[2026-08-31 14:03:34,636] INFO in base: SELECT pg_catalog.pg_type.typname 
FROM pg_catalog.pg_type JOIN pg_catalog.pg_namespace ON pg_catalog.pg_namespace.oid = pg_catalog.pg_type.typnamespace 
WHERE pg_catalog.pg_type.typname = $1::VARCHAR AND pg_catalog.pg_type_is_visible(pg_catalog.pg_type.oid) AND pg_catalog.pg_namespace.nspname != $2::VARCHAR
[2026-08-31 14:03:34,636] INFO in base: [cached since 0.9638s ago] ('currency_enum', 'pg_catalog')
[2026-08-31 14:03:34,637] INFO in base: DROP TYPE currency_enum
[2026-08-31 14:03:34,637] INFO in base: [no key 0.00018s] ()
[2026-08-31 14:03:34,639] INFO in base: COMMIT
[2026-08-31 14:03:34,649] INFO in base: BEGIN (implicit)
[2026-08-31 14:03:34,650] INFO in base: SELECT pg_catalog.pg_class.relname 
FROM pg_catalog.pg_class JOIN pg_catalog.pg_namespace ON pg_catalog.pg_namespace.oid = pg_catalog.pg_class.relnamespace 
WHERE pg_catalog.pg_class.relname = $1::VARCHAR AND pg_catalog.pg_class.relkind = ANY (ARRAY[$2::VARCHAR, $3::VARCHAR, $4::VARCHAR, $5::VARCHAR, $6::VARCHAR]) AND pg_catalog.pg_table_is_visible(pg_catalog.pg_class.oid) AND pg_catalog.pg_namespace.nspname != $7::VARCHAR
[2026-08-31 14:03:34,650] INFO in base: [cached since 0.9856s ago] ('products', 'r', 'p', 'f', 'v', 'm', 'pg_catalog')
[2026-08-31 14:03:34,652] INFO in base: SELECT pg_catalog.pg_type.typname 
FROM pg_catalog.pg_type JOIN pg_catalog.pg_namespace ON pg_catalog.pg_namespace.oid = pg_catalog.pg_type.typnamespace 
WHERE pg_catalog.pg_type.typname = $1::VARCHAR AND pg_catalog.pg_type_is_visible(pg_catalog.pg_type.oid) AND pg_catalog.pg_namespace.nspname != $2::VARCHAR
[2026-08-31 14:03:34,652] INFO in base: [cached since 0.9803s ago] ('currency_enum', 'pg_catalog')
[2026-08-31 14:03:34,654] INFO in base: CREATE TYPE currency_enum AS ENUM ('USD', 'EUR', 'CAD')
[2026-08-31 14:03:34,654] INFO in base: [no key 0.00015s] ()
[2026-08-31 14:03:34,655] INFO in base: 
CREATE TABLE products (
	id SERIAL NOT NULL, 
	name VARCHAR(255) NOT NULL, 
	price NUMERIC(15, 2) NOT NULL, 
	currency currency_enum NOT NULL, 
	sku VARCHAR(100) NOT NULL, 
	quantity NUMERIC(18, 3) NOT NULL, 
	is_active BOOLEAN NOT NULL, 
	created_at TIMESTAMP WITHOUT TIME ZONE DEFAULT now() NOT NULL, 
	updated_at TIMESTAMP WITHOUT TIME ZONE DEFAULT now() NOT NULL, 
	PRIMARY KEY (id), 
	CONSTRAINT check_price_positive CHECK (price > 0), 
	CONSTRAINT check_quantity_non_negative CHECK (quantity >= 0), 
	UNIQUE (sku)
)


[2026-08-31 14:03:34,656] INFO in base: [no key 0.00017s] ()
[2026-08-31 14:03:34,658] INFO in base: COMMIT
[2026-08-31 14:03:34,661] INFO in products_api: Creating new product
[2026-08-31 14:03:34,662] INFO in base: BEGIN (implicit)
[2026-08-31 14:03:34,662] INFO in base: INSERT INTO products (name, price, currency, sku, quantity, is_active) VALUES ($1::VARCHAR, $2::NUMERIC(15, 2), $3::currency_enum, $4::VARCHAR, $5::NUMERIC(18, 3), $6::BOOLEAN) RETURNING products.id, products.created_at, products.updated_at
[2026-08-31 14:03:34,662] INFO in base: [cached since 0.952s ago] ('Test Product', Decimal('19.99'), 'USD', 'TESTSKU123', Decimal('10'), True)
[2026-08-31 14:03:34,669] INFO in base: COMMIT
[2026-08-31 14:03:34,670] INFO in _client: HTTP Request: POST http://test/api/v1/products "HTTP/1.1 201 Created"
[2026-08-31 14:03:34,671] INFO in products_api: Deleting product with ID: 1
[2026-08-31 14:03:34,672] INFO in base: BEGIN (implicit)
[2026-08-31 14:03:34,673] INFO in base: SELECT products.id AS products_id, products.name AS products_name, products.price AS products_price, products.currency AS products_currency, products.sku AS products_sku, products.quantity AS products_quantity, products.is_active AS products_is_active, products.created_at AS products_created_at, products.updated_at AS products_updated_at 
FROM products 
WHERE products.id = $1::INTEGER
[2026-08-31 14:03:34,674] INFO in base: [generated in 0.00019s] (1,)
[2026-08-31 14:03:34,676] INFO in base: UPDATE products SET is_active=$1::BOOLEAN, updated_at=now() WHERE products.id = $2::INTEGER
[2026-08-31 14:03:34,677] INFO in base: [generated in 0.00021s] (False, 1)
[2026-08-31 14:03:34,678] INFO in base: COMMIT
[2026-08-31 14:03:34,679] INFO in _client: HTTP Request: DELETE http://test/api/v1/products/1 "HTTP/1.1 204 No Content"
[2026-08-31 14:03:34,680] INFO in products_api: Fetching product with ID: 1
[2026-08-31 14:03:35,050] INFO in base: BEGIN (implicit)
[2026-08-31 14:03:35,051] INFO in base: SELECT pg_catalog.pg_class.relname 
FROM pg_catalog.pg_class JOIN pg_catalog.pg_namespace ON pg_catalog.pg_namespace.oid = pg_catalog.pg_class.relnamespace 
WHERE pg_catalog.pg_class.relname = $1::VARCHAR AND pg_catalog.pg_class.relkind = ANY (ARRAY[$2::VARCHAR, $3::VARCHAR, $4::VARCHAR, $5::VARCHAR, $6::VARCHAR]) AND pg_catalog.pg_table_is_visible(pg_catalog.pg_class.oid) AND pg_catalog.pg_namespace.nspname != $7::VARCHAR
[2026-08-31 14:03:35,051] INFO in base: [cached since 1.387s ago] ('products', 'r', 'p', 'f', 'v', 'm', 'pg_catalog')
[2026-08-31 14:03:35,053] INFO in base: 
DROP TABLE products
[2026-08-31 14:03:35,053] INFO in base: [no key 0.00020s] ()
[2026-08-31 14:03:35,056] INFO in base: SELECT pg_catalog.pg_type.typname 
FROM pg_catalog.pg_type JOIN pg_catalog.pg_namespace ON pg_catalog.pg_namespace.oid = pg_catalog.pg_type.typnamespace 
WHERE pg_catalog.pg_type.typname = $1::VARCHAR AND pg_catalog.pg_type_is_visible(pg_catalog.pg_type.oid) AND pg_catalog.pg_namespace.nspname != $2::VARCHAR
[2026-08-31 14:03:35,056] INFO in base: [cached since 1.384s ago] ('currency_enum', 'pg_catalog')
[2026-08-31 14:03:35,058] INFO in base: DROP TYPE currency_enum
[2026-08-31 14:03:35,058] INFO in base: [no key 0.00018s] ()
[2026-08-31 14:03:35,059] INFO in base: COMMIT
[2026-08-31 14:03:35,070] INFO in base: BEGIN (implicit)
[2026-08-31 14:03:35,070] INFO in base: SELECT pg_catalog.pg_class.relname 
FROM pg_catalog.pg_class JOIN pg_catalog.pg_namespace ON pg_catalog.pg_namespace.oid = pg_catalog.pg_class.relnamespace 
WHERE pg_catalog.pg_class.relname = $1::VARCHAR AND pg_catalog.pg_class.relkind = ANY (ARRAY[$2::VARCHAR, $3::VARCHAR, $4::VARCHAR, $5::VARCHAR, $6::VARCHAR]) AND pg_catalog.pg_table_is_visible(pg_catalog.pg_class.oid) AND pg_catalog.pg_namespace.nspname != $7::VARCHAR
[2026-08-31 14:03:35,070] INFO in base: [cached since 1.406s ago] ('products', 'r', 'p', 'f', 'v', 'm', 'pg_catalog')
[2026-08-31 14:03:35,072] INFO in base: SELECT pg_catalog.pg_type.typname 
FROM pg_catalog.pg_type JOIN pg_catalog.pg_namespace ON pg_catalog.pg_namespace.oid = pg_catalog.pg_type.typnamespace 
WHERE pg_catalog.pg_type.typname = $1::VARCHAR AND pg_catalog.pg_type_is_visible(pg_catalog.pg_type.oid) AND pg_catalog.pg_namespace.nspname != $2::VARCHAR
[2026-08-31 14:03:35,073] INFO in base: [cached since 1.401s ago] ('currency_enum', 'pg_catalog')
[2026-08-31 14:03:35,074] INFO in base: CREATE TYPE currency_enum AS ENUM ('USD', 'EUR', 'CAD')
[2026-08-31 14:03:35,074] INFO in base: [no key 0.00019s] ()
[2026-08-31 14:03:35,076] INFO in base: 
CREATE TABLE products (
	id SERIAL NOT NULL, 
	name VARCHAR(255) NOT NULL, 
	price NUMERIC(15, 2) NOT NULL, 
	currency currency_enum NOT NULL, 
	sku VARCHAR(100) NOT NULL, 
	quantity NUMERIC(18, 3) NOT NULL, 
	is_active BOOLEAN NOT NULL, 
	created_at TIMESTAMP WITHOUT TIME ZONE DEFAULT now() NOT NULL, 
	updated_at TIMESTAMP WITHOUT TIME ZONE DEFAULT now() NOT NULL, 
	PRIMARY KEY (id), 
	CONSTRAINT check_price_positive CHECK (price > 0), 
	CONSTRAINT check_quantity_non_negative CHECK (quantity >= 0), 
	UNIQUE (sku)
)


[2026-08-31 14:03:35,076] INFO in base: [no key 0.00022s] ()
[2026-08-31 14:03:35,079] INFO in base: COMMIT
[2026-08-31 14:03:35,082] INFO in products_api: Creating new product
[2026-08-31 14:03:35,082] INFO in base: BEGIN (implicit)
[2026-08-31 14:03:35,082] INFO in base: INSERT INTO products (name, price, currency, sku, quantity, is_active) VALUES ($1::VARCHAR, $2::NUMERIC(15, 2), $3::currency_enum, $4::VARCHAR, $5::NUMERIC(18, 3), $6::BOOLEAN) RETURNING products.id, products.created_at, products.updated_at
[2026-08-31 14:03:35,082] INFO in base: [cached since 1.372s ago] ('Test Product', Decimal('19.99'), 'USD', 'TESTSKU123', Decimal('10'), True)
[2026-08-31 14:03:35,090] INFO in base: COMMIT
[2026-08-31 14:03:35,091] INFO in _client: HTTP Request: POST http://test/api/v1/products "HTTP/1.1 201 Created"
[2026-08-31 14:03:35,093] INFO in products_api: Updating product with ID: 1
[2026-08-31 14:03:35,093] INFO in base: BEGIN (implicit)
[2026-08-31 14:03:35,094] INFO in base: SELECT products.id AS products_id, products.name AS products_name, products.price AS products_price, products.currency AS products_currency, products.sku AS products_sku, products.quantity AS products_quantity, products.is_active AS products_is_active, products.created_at AS products_created_at, products.updated_at AS products_updated_at 
FROM products 
WHERE products.id = $1::INTEGER
[2026-08-31 14:03:35,094] INFO in base: [cached since 0.4203s ago] (1,)
[2026-08-31 14:03:35,096] INFO in base: UPDATE products SET price=$1::NUMERIC(15, 2), updated_at=now() WHERE products.id = $2::INTEGER
[2026-08-31 14:03:35,096] INFO in base: [generated in 0.00023s] (Decimal('29.99'), 1)
[2026-08-31 14:03:35,098] INFO in base: COMMIT
[2026-08-31 14:03:35,099] INFO in _client: HTTP Request: PUT http://test/api/v1/products/1 "HTTP/1.1 200 OK"
[2026-08-31 14:03:35,101] INFO in products_api: Fetching product with ID: 1
[2026-08-31 14:03:35,457] INFO in base: BEGIN (implicit)
[2026-08-31 14:03:35,457] INFO in base: SELECT pg_catalog.pg_class.relname 
FROM pg_catalog.pg_class JOIN pg_catalog.pg_namespace ON pg_catalog.pg_namespace.oid = pg_catalog.pg_class.relnamespace 
WHERE pg_catalog.pg_class.relname = $1::VARCHAR AND pg_catalog.pg_class.relkind = ANY (ARRAY[$2::VARCHAR, $3::VARCHAR, $4::VARCHAR, $5::VARCHAR, $6::VARCHAR]) AND pg_catalog.pg_table_is_visible(pg_catalog.pg_class.oid) AND pg_catalog.pg_namespace.nspname != $7::VARCHAR
[2026-08-31 14:03:35,457] INFO in base: [cached since 1.793s ago] ('products', 'r', 'p', 'f', 'v', 'm', 'pg_catalog')
[2026-08-31 14:03:35,459] INFO in base: 
DROP TABLE products
[2026-08-31 14:03:35,459] INFO in base: [no key 0.00017s] ()
[2026-08-31 14:03:35,462] INFO in base: SELECT pg_catalog.pg_type.typname 
FROM pg_catalog.pg_type JOIN pg_catalog.pg_namespace ON pg_catalog.pg_namespace.oid = pg_catalog.pg_type.typnamespace 
WHERE pg_catalog.pg_type.typname = $1::VARCHAR AND pg_catalog.pg_type_is_visible(pg_catalog.pg_type.oid) AND pg_catalog.pg_namespace.nspname != $2::VARCHAR
[2026-08-31 14:03:35,462] INFO in base: [cached since 1.79s ago] ('currency_enum', 'pg_catalog')
[2026-08-31 14:03:35,464] INFO in base: DROP TYPE currency_enum
[2026-08-31 14:03:35,464] INFO in base: [no key 0.00018s] ()
[2026-08-31 14:03:35,465] INFO in base: COMMIT
[2026-08-31 14:03:35,476] INFO in base: BEGIN (implicit)
[2026-08-31 14:03:35,476] INFO in base: SELECT pg_catalog.pg_class.relname 
FROM pg_catalog.pg_class JOIN pg_catalog.pg_namespace ON pg_catalog.pg_namespace.oid = pg_catalog.pg_class.relnamespace 
WHERE pg_catalog.pg_class.relname = $1::VARCHAR AND pg_catalog.pg_class.relkind = ANY (ARRAY[$2::VARCHAR, $3::VARCHAR, $4::VARCHAR, $5::VARCHAR, $6::VARCHAR]) AND pg_catalog.pg_table_is_visible(pg_catalog.pg_class.oid) AND pg_catalog.pg_namespace.nspname != $7::VARCHAR
[2026-08-31 14:03:35,477] INFO in base: [cached since 1.812s ago] ('products', 'r', 'p', 'f', 'v', 'm', 'pg_catalog')
[2026-08-31 14:03:35,479] INFO in base: SELECT pg_catalog.pg_type.typname 
FROM pg_catalog.pg_type JOIN pg_catalog.pg_namespace ON pg_catalog.pg_namespace.oid = pg_catalog.pg_type.typnamespace 
WHERE pg_catalog.pg_type.typname = $1::VARCHAR AND pg_catalog.pg_type_is_visible(pg_catalog.pg_type.oid) AND pg_catalog.pg_namespace.nspname != $2::VARCHAR
[2026-08-31 14:03:35,479] INFO in base: [cached since 1.807s ago] ('currency_enum', 'pg_catalog')
[2026-08-31 14:03:35,480] INFO in base: CREATE TYPE currency_enum AS ENUM ('USD', 'EUR', 'CAD')
[2026-08-31 14:03:35,480] INFO in base: [no key 0.00017s] ()
[2026-08-31 14:03:35,481] INFO in base: 
CREATE TABLE products (
	id SERIAL NOT NULL, 
	name VARCHAR(255) NOT NULL, 
	price NUMERIC(15, 2) NOT NULL, 
	currency currency_enum NOT NULL, 
	sku VARCHAR(100) NOT NULL, 
	quantity NUMERIC(18, 3) NOT NULL, 
	is_active BOOLEAN NOT NULL, 
	created_at TIMESTAMP WITHOUT TIME ZONE DEFAULT now() NOT NULL, 
	updated_at TIMESTAMP WITHOUT TIME ZONE DEFAULT now() NOT NULL, 
	PRIMARY KEY (id), 
	CONSTRAINT check_price_positive CHECK (price > 0), 
	CONSTRAINT check_quantity_non_negative CHECK (quantity >= 0), 
	UNIQUE (sku)
)


[2026-08-31 14:03:35,482] INFO in base: [no key 0.00014s] ()
[2026-08-31 14:03:35,484] INFO in base: COMMIT
[2026-08-31 14:03:35,487] INFO in products_api: Creating new product
[2026-08-31 14:03:35,487] INFO in base: BEGIN (implicit)
[2026-08-31 14:03:35,487] INFO in base: INSERT INTO products (name, price, currency, sku, quantity, is_active) VALUES ($1::VARCHAR, $2::NUMERIC(15, 2), $3::currency_enum, $4::VARCHAR, $5::NUMERIC(18, 3), $6::BOOLEAN) RETURNING products.id, products.created_at, products.updated_at
[2026-08-31 14:03:35,487] INFO in base: [cached since 1.777s ago] ('Test Product', Decimal('19.99'), 'USD', 'TESTSKU123', Decimal('10'), True)
[2026-08-31 14:03:35,494] INFO in base: COMMIT
[2026-08-31 14:03:35,495] INFO in _client: HTTP Request: POST http://test/api/v1/products "HTTP/1.1 201 Created"
[2026-08-31 14:03:35,497] INFO in products_api: Creating new product
[2026-08-31 14:03:35,497] INFO in base: BEGIN (implicit)
[2026-08-31 14:03:35,497] INFO in base: INSERT INTO products (name, price, currency, sku, quantity, is_active) VALUES ($1::VARCHAR, $2::NUMERIC(15, 2), $3::currency_enum, $4::VARCHAR, $5::NUMERIC(18, 3), $6::BOOLEAN) RETURNING products.id, products.created_at, products.updated_at
[2026-08-31 14:03:35,497] INFO in base: [cached since 1.787s ago] ('Test Product', Decimal('19.99'), 'USD', 'TESTSKU123', Decimal('10'), True)
[2026-08-31 14:03:35,498] INFO in base: ROLLBACK
[2026-08-31 14:03:35,499] ERROR in products_api: Error occurred while creating product: Product already exists
[2026-08-31 14:03:35,499] INFO in _client: HTTP Request: POST http://test/api/v1/products "HTTP/1.1 400 Bad Request"
[2026-08-31 14:03:35,500] INFO in base: BEGIN (implicit)
[2026-08-31 14:03:35,501] INFO in base: SELECT pg_catalog.pg_class.relname 
FROM pg_catalog.pg_class JOIN pg_catalog.pg_namespace ON pg_catalog.pg_namespace.oid = pg_catalog.pg_class.relnamespace 
WHERE pg_catalog.pg_class.relname = $1::VARCHAR AND pg_catalog.pg_class.relkind = ANY (ARRAY[$2::VARCHAR, $3::VARCHAR, $4::VARCHAR, $5::VARCHAR, $6::VARCHAR]) AND pg_catalog.pg_table_is_visible(pg_catalog.pg_class.oid) AND pg_catalog.pg_namespace.nspname != $7::VARCHAR
[2026-08-31 14:03:35,501] INFO in base: [cached since 1.836s ago] ('products', 'r', 'p', 'f', 'v', 'm', 'pg_catalog')
[2026-08-31 14:03:35,502] INFO in base: 
DROP TABLE products
[2026-08-31 14:03:35,503] INFO in base: [no key 0.00019s] ()
[2026-08-31 14:03:35,505] INFO in base: SELECT pg_catalog.pg_type.typname 
FROM pg_catalog.pg_type JOIN pg_catalog.pg_namespace ON pg_catalog.pg_namespace.oid = pg_catalog.pg_type.typnamespace 
WHERE pg_catalog.pg_type.typname = $1::VARCHAR AND pg_catalog.pg_type_is_visible(pg_catalog.pg_type.oid) AND pg_catalog.pg_namespace.nspname != $2::VARCHAR
[2026-08-31 14:03:35,505] INFO in base: [cached since 1.833s ago] ('currency_enum', 'pg_catalog')
[2026-08-31 14:03:35,506] INFO in base: DROP TYPE currency_enum
[2026-08-31 14:03:35,506] INFO in base: [no key 0.00021s] ()
[2026-08-31 14:03:35,508] INFO in base: COMMIT
[2026-08-31 14:03:35,510] INFO in base: BEGIN (implicit)
[2026-08-31 14:03:35,510] INFO in base: SELECT pg_catalog.pg_class.relname 
FROM pg_catalog.pg_class JOIN pg_catalog.pg_namespace ON pg_catalog.pg_namespace.oid = pg_catalog.pg_class.relnamespace 
WHERE pg_catalog.pg_class.relname = $1::VARCHAR AND pg_catalog.pg_class.relkind = ANY (ARRAY[$2::VARCHAR, $3::VARCHAR, $4::VARCHAR, $5::VARCHAR, $6::VARCHAR]) AND pg_catalog.pg_table_is_visible(pg_catalog.pg_class.oid) AND pg_catalog.pg_namespace.nspname != $7::VARCHAR
[2026-08-31 14:03:35,511] INFO in base: [cached since 1.846s ago] ('products', 'r', 'p', 'f', 'v', 'm', 'pg_catalog')
[2026-08-31 14:03:35,513] INFO in base: SELECT pg_catalog.pg_type.typname 
FROM pg_catalog.pg_type JOIN pg_catalog.pg_namespace ON pg_catalog.pg_namespace.oid = pg_catalog.pg_type.typnamespace 
WHERE pg_catalog.pg_type.typname = $1::VARCHAR AND pg_catalog.pg_type_is_visible(pg_catalog.pg_type.oid) AND pg_catalog.pg_namespace.nspname != $2::VARCHAR
[2026-08-31 14:03:35,513] INFO in base: [cached since 1.841s ago] ('currency_enum', 'pg_catalog')
[2026-08-31 14:03:35,515] INFO in base: CREATE TYPE currency_enum AS ENUM ('USD', 'EUR', 'CAD')
[2026-08-31 14:03:35,515] INFO in base: [no key 0.00017s] ()
[2026-08-31 14:03:35,516] INFO in base: 
CREATE TABLE products (
	id SERIAL NOT NULL, 
	name VARCHAR(255) NOT NULL, 
	price NUMERIC(15, 2) NOT NULL, 
	currency currency_enum NOT NULL, 
	sku VARCHAR(100) NOT NULL, 
	quantity NUMERIC(18, 3) NOT NULL, 
	is_active BOOLEAN NOT NULL, 
	created_at TIMESTAMP WITHOUT TIME ZONE DEFAULT now() NOT NULL, 
	updated_at TIMESTAMP WITHOUT TIME ZONE DEFAULT now() NOT NULL, 
	PRIMARY KEY (id), 
	CONSTRAINT check_price_positive CHECK (price > 0), 
	CONSTRAINT check_quantity_non_negative CHECK (quantity >= 0), 
	UNIQUE (sku)
)


[2026-08-31 14:03:35,516] INFO in base: [no key 0.00013s] ()
[2026-08-31 14:03:35,519] INFO in base: COMMIT
[2026-08-31 14:03:35,522] INFO in products_api: Creating new product
[2026-08-31 14:03:35,522] INFO in base: BEGIN (implicit)
[2026-08-31 14:03:35,522] INFO in base: INSERT INTO products (name, price, currency, sku, quantity, is_active) VALUES ($1::VARCHAR, $2::NUMERIC(15, 2), $3::currency_enum, $4::VARCHAR, $5::NUMERIC(18, 3), $6::BOOLEAN) RETURNING products.id, products.created_at, products.updated_at
[2026-08-31 14:03:35,522] INFO in base: [cached since 1.812s ago] ('Test Product', Decimal('-10.0'), 'USD', 'TESTSKU123', Decimal('10'), True)
[2026-08-31 14:03:35,529] INFO in base: ROLLBACK
[2026-08-31 14:03:35,529] ERROR in products_api: Error occurred while creating product: ('Invalid product data', '<class \'asyncpg.exceptions.CheckViolationError\'>: new row for relation "products" violates check constraint "check_price_positive"\nDETAIL:  Failing row contains (1, Test Product, -10.00, USD, TESTSKU123, 10.000, t, 2026-08-31 06:03:35.523074, 2026-08-31 06:03:35.523074).')
[2026-08-31 14:03:36,337] INFO in base: BEGIN (implicit)
[2026-08-31 14:03:36,337] INFO in base: SELECT pg_catalog.pg_class.relname 
FROM pg_catalog.pg_class JOIN pg_catalog.pg_namespace ON pg_catalog.pg_namespace.oid = pg_catalog.pg_class.relnamespace 
WHERE pg_catalog.pg_class.relname = $1::VARCHAR AND pg_catalog.pg_class.relkind = ANY (ARRAY[$2::VARCHAR, $3::VARCHAR, $4::VARCHAR, $5::VARCHAR, $6::VARCHAR]) AND pg_catalog.pg_table_is_visible(pg_catalog.pg_class.oid) AND pg_catalog.pg_namespace.nspname != $7::VARCHAR
[2026-08-31 14:03:36,337] INFO in base: [cached since 2.673s ago] ('products', 'r', 'p', 'f', 'v', 'm', 'pg_catalog')
[2026-08-31 14:03:36,339] INFO in base: 
DROP TABLE products
[2026-08-31 14:03:36,339] INFO in base: [no key 0.00016s] ()
[2026-08-31 14:03:36,341] INFO in base: SELECT pg_catalog.pg_type.typname 
FROM pg_catalog.pg_type JOIN pg_catalog.pg_namespace ON pg_catalog.pg_namespace.oid = pg_catalog.pg_type.typnamespace 
WHERE pg_catalog.pg_type.typname = $1::VARCHAR AND pg_catalog.pg_type_is_visible(pg_catalog.pg_type.oid) AND pg_catalog.pg_namespace.nspname != $2::VARCHAR
[2026-08-31 14:03:36,342] INFO in base: [cached since 2.67s ago] ('currency_enum', 'pg_catalog')
[2026-08-31 14:03:36,343] INFO in base: DROP TYPE currency_enum
[2026-08-31 14:03:36,343] INFO in base: [no key 0.00019s] ()
[2026-08-31 14:03:36,344] INFO in base: COMMIT
[2026-08-31 14:03:36,355] INFO in base: BEGIN (implicit)
[2026-08-31 14:03:36,355] INFO in base: SELECT pg_catalog.pg_class.relname 
FROM pg_catalog.pg_class JOIN pg_catalog.pg_namespace ON pg_catalog.pg_namespace.oid = pg_catalog.pg_class.relnamespace 
WHERE pg_catalog.pg_class.relname = $1::VARCHAR AND pg_catalog.pg_class.relkind = ANY (ARRAY[$2::VARCHAR, $3::VARCHAR, $4::VARCHAR, $5::VARCHAR, $6::VARCHAR]) AND pg_catalog.pg_table_is_visible(pg_catalog.pg_class.oid) AND pg_catalog.pg_namespace.nspname != $7::VARCHAR
[2026-08-31 14:03:36,355] INFO in base: [cached since 2.691s ago] ('products', 'r', 'p', 'f', 'v', 'm', 'pg_catalog')
[2026-08-31 14:03:36,357] INFO in base: SELECT pg_catalog.pg_type.typname 
FROM pg_catalog.pg_type JOIN pg_catalog.pg_namespace ON pg_catalog.pg_namespace.oid = pg_catalog.pg_type.typnamespace 
WHERE pg_catalog.pg_type.typname = $1::VARCHAR AND pg_catalog.pg_type_is_visible(pg_catalog.pg_type.oid) AND pg_catalog.pg_namespace.nspname != $2::VARCHAR
[2026-08-31 14:03:36,357] INFO in base: [cached since 2.685s ago] ('currency_enum', 'pg_catalog')
[2026-08-31 14:03:36,358] INFO in base: CREATE TYPE currency_enum AS ENUM ('USD', 'EUR', 'CAD')
[2026-08-31 14:03:36,359] INFO in base: [no key 0.00018s] ()
[2026-08-31 14:03:36,360] INFO in base: 
CREATE TABLE products (
	id SERIAL NOT NULL, 
	name VARCHAR(255) NOT NULL, 
	price NUMERIC(15, 2) NOT NULL, 
	currency currency_enum NOT NULL, 
	sku VARCHAR(100) NOT NULL, 
	quantity NUMERIC(18, 3) NOT NULL, 
	is_active BOOLEAN NOT NULL, 
	created_at TIMESTAMP WITHOUT TIME ZONE DEFAULT now() NOT NULL, 
	updated_at TIMESTAMP WITHOUT TIME ZONE DEFAULT now() NOT NULL, 
	PRIMARY KEY (id), 
	CONSTRAINT check_price_positive CHECK (price > 0), 
	CONSTRAINT check_quantity_non_negative CHECK (quantity >= 0), 
	UNIQUE (sku)
)


[2026-08-31 14:03:36,360] INFO in base: [no key 0.00019s] ()
[2026-08-31 14:03:36,363] INFO in base: COMMIT
[2026-08-31 14:03:36,366] INFO in _client: HTTP Request: POST http://test/api/v1/products "HTTP/1.1 422 Unprocessable Content"
[2026-08-31 14:03:36,366] INFO in base: BEGIN (implicit)
[2026-08-31 14:03:36,367] INFO in base: SELECT pg_catalog.pg_class.relname 
FROM pg_catalog.pg_class JOIN pg_catalog.pg_namespace ON pg_catalog.pg_namespace.oid = pg_catalog.pg_class.relnamespace 
WHERE pg_catalog.pg_class.relname = $1::VARCHAR AND pg_catalog.pg_class.relkind = ANY (ARRAY[$2::VARCHAR, $3::VARCHAR, $4::VARCHAR, $5::VARCHAR, $6::VARCHAR]) AND pg_catalog.pg_table_is_visible(pg_catalog.pg_class.oid) AND pg_catalog.pg_namespace.nspname != $7::VARCHAR
[2026-08-31 14:03:36,367] INFO in base: [cached since 2.702s ago] ('products', 'r', 'p', 'f', 'v', 'm', 'pg_catalog')
[2026-08-31 14:03:36,368] INFO in base: 
DROP TABLE products
[2026-08-31 14:03:36,368] INFO in base: [no key 0.00013s] ()
[2026-08-31 14:03:36,370] INFO in base: SELECT pg_catalog.pg_type.typname 
FROM pg_catalog.pg_type JOIN pg_catalog.pg_namespace ON pg_catalog.pg_namespace.oid = pg_catalog.pg_type.typnamespace 
WHERE pg_catalog.pg_type.typname = $1::VARCHAR AND pg_catalog.pg_type_is_visible(pg_catalog.pg_type.oid) AND pg_catalog.pg_namespace.nspname != $2::VARCHAR
[2026-08-31 14:03:36,370] INFO in base: [cached since 2.698s ago] ('currency_enum', 'pg_catalog')
[2026-08-31 14:03:36,371] INFO in base: DROP TYPE currency_enum
[2026-08-31 14:03:36,371] INFO in base: [no key 0.00012s] ()
[2026-08-31 14:03:36,372] INFO in base: COMMIT
[2026-08-31 14:03:36,374] INFO in base: BEGIN (implicit)
[2026-08-31 14:03:36,375] INFO in base: SELECT pg_catalog.pg_class.relname 
FROM pg_catalog.pg_class JOIN pg_catalog.pg_namespace ON pg_catalog.pg_namespace.oid = pg_catalog.pg_class.relnamespace 
WHERE pg_catalog.pg_class.relname = $1::VARCHAR AND pg_catalog.pg_class.relkind = ANY (ARRAY[$2::VARCHAR, $3::VARCHAR, $4::VARCHAR, $5::VARCHAR, $6::VARCHAR]) AND pg_catalog.pg_table_is_visible(pg_catalog.pg_class.oid) AND pg_catalog.pg_namespace.nspname != $7::VARCHAR
[2026-08-31 14:03:36,375] INFO in base: [cached since 2.71s ago] ('products', 'r', 'p', 'f', 'v', 'm', 'pg_catalog')
[2026-08-31 14:03:36,377] INFO in base: SELECT pg_catalog.pg_type.typname 
FROM pg_catalog.pg_type JOIN pg_catalog.pg_namespace ON pg_catalog.pg_namespace.oid = pg_catalog.pg_type.typnamespace 
WHERE pg_catalog.pg_type.typname = $1::VARCHAR AND pg_catalog.pg_type_is_visible(pg_catalog.pg_type.oid) AND pg_catalog.pg_namespace.nspname != $2::VARCHAR
[2026-08-31 14:03:36,377] INFO in base: [cached since 2.705s ago] ('currency_enum', 'pg_catalog')
[2026-08-31 14:03:36,378] INFO in base: CREATE TYPE currency_enum AS ENUM ('USD', 'EUR', 'CAD')
[2026-08-31 14:03:36,378] INFO in base: [no key 0.00017s] ()
[2026-08-31 14:03:36,379] INFO in base: 
CREATE TABLE products (
	id SERIAL NOT NULL, 
	name VARCHAR(255) NOT NULL, 
	price NUMERIC(15, 2) NOT NULL, 
	currency currency_enum NOT NULL, 
	sku VARCHAR(100) NOT NULL, 
	quantity NUMERIC(18, 3) NOT NULL, 
	is_active BOOLEAN NOT NULL, 
	created_at TIMESTAMP WITHOUT TIME ZONE DEFAULT now() NOT NULL, 
	updated_at TIMESTAMP WITHOUT TIME ZONE DEFAULT now() NOT NULL, 
	PRIMARY KEY (id), 
	CONSTRAINT check_price_positive CHECK (price > 0), 
	CONSTRAINT check_quantity_non_negative CHECK (quantity >= 0), 
	UNIQUE (sku)
)


[2026-08-31 14:03:36,380] INFO in base: [no key 0.00022s] ()
[2026-08-31 14:03:36,383] INFO in base: COMMIT
[2026-08-31 14:03:36,386] INFO in _client: HTTP Request: POST http://test/api/v1/products "HTTP/1.1 422 Unprocessable Content"
[2026-08-31 14:03:36,390] INFO in base: BEGIN (implicit)
[2026-08-31 14:03:36,390] INFO in base: SELECT pg_catalog.pg_class.relname 
FROM pg_catalog.pg_class JOIN pg_catalog.pg_namespace ON pg_catalog.pg_namespace.oid = pg_catalog.pg_class.relnamespace 
WHERE pg_catalog.pg_class.relname = $1::VARCHAR AND pg_catalog.pg_class.relkind = ANY (ARRAY[$2::VARCHAR, $3::VARCHAR, $4::VARCHAR, $5::VARCHAR, $6::VARCHAR]) AND pg_catalog.pg_table_is_visible(pg_catalog.pg_class.oid) AND pg_catalog.pg_namespace.nspname != $7::VARCHAR
[2026-08-31 14:03:36,390] INFO in base: [cached since 2.726s ago] ('products', 'r', 'p', 'f', 'v', 'm', 'pg_catalog')
[2026-08-31 14:03:36,392] INFO in base: 
DROP TABLE products
[2026-08-31 14:03:36,392] INFO in base: [no key 0.00021s] ()
[2026-08-31 14:03:36,394] INFO in base: SELECT pg_catalog.pg_type.typname 
FROM pg_catalog.pg_type JOIN pg_catalog.pg_namespace ON pg_catalog.pg_namespace.oid = pg_catalog.pg_type.typnamespace 
WHERE pg_catalog.pg_type.typname = $1::VARCHAR AND pg_catalog.pg_type_is_visible(pg_catalog.pg_type.oid) AND pg_catalog.pg_namespace.nspname != $2::VARCHAR
[2026-08-31 14:03:36,394] INFO in base: [cached since 2.722s ago] ('currency_enum', 'pg_catalog')
[2026-08-31 14:03:36,395] INFO in base: DROP TYPE currency_enum
[2026-08-31 14:03:36,396] INFO in base: [no key 0.00019s] ()
[2026-08-31 14:03:36,396] INFO in base: COMMIT
[2026-08-31 14:24:17,997] INFO in base: select pg_catalog.version()
[2026-08-31 14:24:17,997] INFO in base: [raw sql] ()
[2026-08-31 14:24:17,998] INFO in base: select current_schema()
[2026-08-31 14:24:17,998] INFO in base: [raw sql] ()
[2026-08-31 14:24:17,999] INFO in base: show standard_conforming_strings
[2026-08-31 14:24:17,999] INFO in base: [raw sql] ()
[2026-08-31 14:24:18,000] INFO in base: BEGIN (implicit)
[2026-08-31 14:24:18,004] INFO in base: SELECT pg_catalog.pg_class.relname 
FROM pg_catalog.pg_class JOIN pg_catalog.pg_namespace ON pg_catalog.pg_namespace.oid = pg_catalog.pg_class.relnamespace 
WHERE pg_catalog.pg_class.relname = $1::VARCHAR AND pg_catalog.pg_class.relkind = ANY (ARRAY[$2::VARCHAR, $3::VARCHAR, $4::VARCHAR, $5::VARCHAR, $6::VARCHAR]) AND pg_catalog.pg_table_is_visible(pg_catalog.pg_class.oid) AND pg_catalog.pg_namespace.nspname != $7::VARCHAR
[2026-08-31 14:24:18,004] INFO in base: [generated in 0.00024s] ('products', 'r', 'p', 'f', 'v', 'm', 'pg_catalog')
[2026-08-31 14:24:18,008] INFO in base: SELECT pg_catalog.pg_type.typname 
FROM pg_catalog.pg_type JOIN pg_catalog.pg_namespace ON pg_catalog.pg_namespace.oid = pg_catalog.pg_type.typnamespace 
WHERE pg_catalog.pg_type.typname = $1::VARCHAR AND pg_catalog.pg_type_is_visible(pg_catalog.pg_type.oid) AND pg_catalog.pg_namespace.nspname != $2::VARCHAR
[2026-08-31 14:24:18,008] INFO in base: [generated in 0.00023s] ('currency_enum', 'pg_catalog')
[2026-08-31 14:24:18,009] INFO in base: CREATE TYPE currency_enum AS ENUM ('USD', 'EUR', 'CAD')
[2026-08-31 14:24:18,009] INFO in base: [no key 0.00018s] ()
[2026-08-31 14:24:18,011] INFO in base: 
CREATE TABLE products (
	id SERIAL NOT NULL, 
	name VARCHAR(255) NOT NULL, 
	price NUMERIC(15, 2) NOT NULL, 
	currency currency_enum NOT NULL, 
	sku VARCHAR(100) NOT NULL, 
	quantity NUMERIC(18, 3) NOT NULL, 
	is_active BOOLEAN NOT NULL, 
	created_at TIMESTAMP WITHOUT TIME ZONE DEFAULT now() NOT NULL, 
	updated_at TIMESTAMP WITHOUT TIME ZONE DEFAULT now() NOT NULL, 
	PRIMARY KEY (id), 
	CONSTRAINT check_price_positive CHECK (price > 0), 
	CONSTRAINT check_quantity_non_negative CHECK (quantity >= 0), 
	UNIQUE (sku)
)


[2026-08-31 14:24:18,011] INFO in base: [no key 0.00017s] ()
[2026-08-31 14:24:18,015] INFO in base: COMMIT
[2026-08-31 14:24:18,023] INFO in products_api: Creating new product
[2026-08-31 14:24:18,024] INFO in base: BEGIN (implicit)
[2026-08-31 14:24:18,026] INFO in base: INSERT INTO products (name, price, currency, sku, quantity, is_active) VALUES ($1::VARCHAR, $2::NUMERIC(15, 2), $3::currency_enum, $4::VARCHAR, $5::NUMERIC(18, 3), $6::BOOLEAN) RETURNING products.id, products.created_at, products.updated_at
[2026-08-31 14:24:18,026] INFO in base: [generated in 0.00022s] ('Test Product', Decimal('19.99'), 'USD', 'TESTSKU123', Decimal('10'), True)
[2026-08-31 14:24:18,035] INFO in base: COMMIT
[2026-08-31 14:24:18,037] INFO in _client: HTTP Request: POST http://test/api/v1/products "HTTP/1.1 201 Created"
[2026-08-31 14:24:18,038] INFO in base: BEGIN (implicit)
[2026-08-31 14:24:18,038] INFO in base: SELECT pg_catalog.pg_class.relname 
FROM pg_catalog.pg_class JOIN pg_catalog.pg_namespace ON pg_catalog.pg_namespace.oid = pg_catalog.pg_class.relnamespace 
WHERE pg_catalog.pg_class.relname = $1::VARCHAR AND pg_catalog.pg_class.relkind = ANY (ARRAY[$2::VARCHAR, $3::VARCHAR, $4::VARCHAR, $5::VARCHAR, $6::VARCHAR]) AND pg_catalog.pg_table_is_visible(pg_catalog.pg_class.oid) AND pg_catalog.pg_namespace.nspname != $7::VARCHAR
[2026-08-31 14:24:18,038] INFO in base: [cached since 0.0348s ago] ('products', 'r', 'p', 'f', 'v', 'm', 'pg_catalog')
[2026-08-31 14:24:18,040] INFO in base: 
DROP TABLE products
[2026-08-31 14:24:18,040] INFO in base: [no key 0.00019s] ()
[2026-08-31 14:24:18,042] INFO in base: SELECT pg_catalog.pg_type.typname 
FROM pg_catalog.pg_type JOIN pg_catalog.pg_namespace ON pg_catalog.pg_namespace.oid = pg_catalog.pg_type.typnamespace 
WHERE pg_catalog.pg_type.typname = $1::VARCHAR AND pg_catalog.pg_type_is_visible(pg_catalog.pg_type.oid) AND pg_catalog.pg_namespace.nspname != $2::VARCHAR
[2026-08-31 14:24:18,042] INFO in base: [cached since 0.03481s ago] ('currency_enum', 'pg_catalog')
[2026-08-31 14:24:18,044] INFO in base: DROP TYPE currency_enum
[2026-08-31 14:24:18,044] INFO in base: [no key 0.00017s] ()
[2026-08-31 14:24:18,045] INFO in base: COMMIT
[2026-08-31 14:24:18,048] INFO in base: BEGIN (implicit)
[2026-08-31 14:24:18,048] INFO in base: SELECT pg_catalog.pg_class.relname 
FROM pg_catalog.pg_class JOIN pg_catalog.pg_namespace ON pg_catalog.pg_namespace.oid = pg_catalog.pg_class.relnamespace 
WHERE pg_catalog.pg_class.relname = $1::VARCHAR AND pg_catalog.pg_class.relkind = ANY (ARRAY[$2::VARCHAR, $3::VARCHAR, $4::VARCHAR, $5::VARCHAR, $6::VARCHAR]) AND pg_catalog.pg_table_is_visible(pg_catalog.pg_class.oid) AND pg_catalog.pg_namespace.nspname != $7::VARCHAR
[2026-08-31 14:24:18,048] INFO in base: [cached since 0.04439s ago] ('products', 'r', 'p', 'f', 'v', 'm', 'pg_catalog')
[2026-08-31 14:24:18,050] INFO in base: SELECT pg_catalog.pg_type.typname 
FROM pg_catalog.pg_type JOIN pg_catalog.pg_namespace ON pg_catalog.pg_namespace.oid = pg_catalog.pg_type.typnamespace 
WHERE pg_catalog.pg_type.typname = $1::VARCHAR AND pg_catalog.pg_type_is_visible(pg_catalog.pg_type.oid) AND pg_catalog.pg_namespace.nspname != $2::VARCHAR
[2026-08-31 14:24:18,050] INFO in base: [cached since 0.0425s ago] ('currency_enum', 'pg_catalog')
[2026-08-31 14:24:18,051] INFO in base: CREATE TYPE currency_enum AS ENUM ('USD', 'EUR', 'CAD')
[2026-08-31 14:24:18,052] INFO in base: [no key 0.00017s] ()
[2026-08-31 14:24:18,053] INFO in base: 
CREATE TABLE products (
	id SERIAL NOT NULL, 
	name VARCHAR(255) NOT NULL, 
	price NUMERIC(15, 2) NOT NULL, 
	currency currency_enum NOT NULL, 
	sku VARCHAR(100) NOT NULL, 
	quantity NUMERIC(18, 3) NOT NULL, 
	is_active BOOLEAN NOT NULL, 
	created_at TIMESTAMP WITHOUT TIME ZONE DEFAULT now() NOT NULL, 
	updated_at TIMESTAMP WITHOUT TIME ZONE DEFAULT now() NOT NULL, 
	PRIMARY KEY (id), 
	CONSTRAINT check_price_positive CHECK (price > 0), 
	CONSTRAINT check_quantity_non_negative CHECK (quantity >= 0), 
	UNIQUE (sku)
)


[2026-08-31 14:24:18,053] INFO in base: [no key 0.00018s] ()
[2026-08-31 14:24:18,056] INFO in base: COMMIT
[2026-08-31 14:24:18,060] INFO in products_api: Creating new product
[2026-08-31 14:24:18,061] INFO in base: BEGIN (implicit)
[2026-08-31 14:24:18,061] INFO in base: INSERT INTO products (name, price, currency, sku, quantity, is_active) VALUES ($1::VARCHAR, $2::NUMERIC(15, 2), $3::currency_enum, $4::VARCHAR, $5::NUMERIC(18, 3), $6::BOOLEAN) RETURNING products.id, products.created_at, products.updated_at
[2026-08-31 14:24:18,061] INFO in base: [cached since 0.03574s ago] ('Test Product', Decimal('19.99'), 'USD', 'TESTSKU123', Decimal('10'), True)
[2026-08-31 14:24:18,071] INFO in base: COMMIT
[2026-08-31 14:24:18,072] INFO in _client: HTTP Request: POST http://test/api/v1/products "HTTP/1.1 201 Created"
[2026-08-31 14:24:18,074] INFO in products_api: Fetching product with ID: 1
[2026-08-31 14:24:18,075] INFO in base: BEGIN (implicit)
[2026-08-31 14:24:18,076] INFO in base: SELECT products.id AS products_id, products.name AS products_name, products.price AS products_price, products.currency AS products_currency, products.sku AS products_sku, products.quantity AS products_quantity, products.is_active AS products_is_active, products.created_at AS products_created_at, products.updated_at AS products_updated_at 
FROM products 
WHERE products.id = $1::INTEGER
[2026-08-31 14:24:18,076] INFO in base: [generated in 0.00022s] (1,)
[2026-08-31 14:24:18,078] INFO in base: ROLLBACK
[2026-08-31 14:24:18,079] INFO in _client: HTTP Request: GET http://test/api/v1/products/1 "HTTP/1.1 200 OK"
[2026-08-31 14:24:18,080] INFO in base: BEGIN (implicit)
[2026-08-31 14:24:18,080] INFO in base: SELECT pg_catalog.pg_class.relname 
FROM pg_catalog.pg_class JOIN pg_catalog.pg_namespace ON pg_catalog.pg_namespace.oid = pg_catalog.pg_class.relnamespace 
WHERE pg_catalog.pg_class.relname = $1::VARCHAR AND pg_catalog.pg_class.relkind = ANY (ARRAY[$2::VARCHAR, $3::VARCHAR, $4::VARCHAR, $5::VARCHAR, $6::VARCHAR]) AND pg_catalog.pg_table_is_visible(pg_catalog.pg_class.oid) AND pg_catalog.pg_namespace.nspname != $7::VARCHAR
[2026-08-31 14:24:18,080] INFO in base: [cached since 0.07638s ago] ('products', 'r', 'p', 'f', 'v', 'm', 'pg_catalog')
[2026-08-31 14:24:18,082] INFO in base: 
DROP TABLE products
[2026-08-31 14:24:18,082] INFO in base: [no key 0.00018s] ()
[2026-08-31 14:24:18,084] INFO in base: SELECT pg_catalog.pg_type.typname 
FROM pg_catalog.pg_type JOIN pg_catalog.pg_namespace ON pg_catalog.pg_namespace.oid = pg_catalog.pg_type.typnamespace 
WHERE pg_catalog.pg_type.typname = $1::VARCHAR AND pg_catalog.pg_type_is_visible(pg_catalog.pg_type.oid) AND pg_catalog.pg_namespace.nspname != $2::VARCHAR
[2026-08-31 14:24:18,084] INFO in base: [cached since 0.07685s ago] ('currency_enum', 'pg_catalog')
[2026-08-31 14:24:18,086] INFO in base: DROP TYPE currency_enum
[2026-08-31 14:24:18,086] INFO in base: [no key 0.00023s] ()
[2026-08-31 14:24:18,087] INFO in base: COMMIT
[2026-08-31 14:24:18,090] INFO in base: BEGIN (implicit)
[2026-08-31 14:24:18,090] INFO in base: SELECT pg_catalog.pg_class.relname 
FROM pg_catalog.pg_class JOIN pg_catalog.pg_namespace ON pg_catalog.pg_namespace.oid = pg_catalog.pg_class.relnamespace 
WHERE pg_catalog.pg_class.relname = $1::VARCHAR AND pg_catalog.pg_class.relkind = ANY (ARRAY[$2::VARCHAR, $3::VARCHAR, $4::VARCHAR, $5::VARCHAR, $6::VARCHAR]) AND pg_catalog.pg_table_is_visible(pg_catalog.pg_class.oid) AND pg_catalog.pg_namespace.nspname != $7::VARCHAR
[2026-08-31 14:24:18,090] INFO in base: [cached since 0.08681s ago] ('products', 'r', 'p', 'f', 'v', 'm', 'pg_catalog')
[2026-08-31 14:24:18,092] INFO in base: SELECT pg_catalog.pg_type.typname 
FROM pg_catalog.pg_type JOIN pg_catalog.pg_namespace ON pg_catalog.pg_namespace.oid = pg_catalog.pg_type.typnamespace 
WHERE pg_catalog.pg_type.typname = $1::VARCHAR AND pg_catalog.pg_type_is_visible(pg_catalog.pg_type.oid) AND pg_catalog.pg_namespace.nspname != $2::VARCHAR
[2026-08-31 14:24:18,093] INFO in base: [cached since 0.08501s ago] ('currency_enum', 'pg_catalog')
[2026-08-31 14:24:18,095] INFO in base: CREATE TYPE currency_enum AS ENUM ('USD', 'EUR', 'CAD')
[2026-08-31 14:24:18,095] INFO in base: [no key 0.00022s] ()
[2026-08-31 14:24:18,096] INFO in base: 
CREATE TABLE products (
	id SERIAL NOT NULL, 
	name VARCHAR(255) NOT NULL, 
	price NUMERIC(15, 2) NOT NULL, 
	currency currency_enum NOT NULL, 
	sku VARCHAR(100) NOT NULL, 
	quantity NUMERIC(18, 3) NOT NULL, 
	is_active BOOLEAN NOT NULL, 
	created_at TIMESTAMP WITHOUT TIME ZONE DEFAULT now() NOT NULL, 
	updated_at TIMESTAMP WITHOUT TIME ZONE DEFAULT now() NOT NULL, 
	PRIMARY KEY (id), 
	CONSTRAINT check_price_positive CHECK (price > 0), 
	CONSTRAINT check_quantity_non_negative CHECK (quantity >= 0), 
	UNIQUE (sku)
)


[2026-08-31 14:24:18,096] INFO in base: [no key 0.00019s] ()
[2026-08-31 14:24:18,099] INFO in base: COMMIT
[2026-08-31 14:24:18,102] INFO in products_api: Fetching product with ID: 999999
[2026-08-31 14:24:18,103] INFO in base: BEGIN (implicit)
[2026-08-31 14:24:18,103] INFO in base: SELECT products.id AS products_id, products.name AS products_name, products.price AS products_price, products.currency AS products_currency, products.sku AS products_sku, products.quantity AS products_quantity, products.is_active AS products_is_active, products.created_at AS products_created_at, products.updated_at AS products_updated_at 
FROM products 
WHERE products.id = $1::INTEGER
[2026-08-31 14:24:18,103] INFO in base: [cached since 0.02727s ago] (999999,)
[2026-08-31 14:24:18,111] ERROR in products_api: Error occurred while fetching product: Product not found
[2026-08-31 14:24:18,111] INFO in base: ROLLBACK
[2026-08-31 14:24:18,112] INFO in _client: HTTP Request: GET http://test/api/v1/products/999999 "HTTP/1.1 404 Not Found"
[2026-08-31 14:24:18,113] INFO in base: BEGIN (implicit)
[2026-08-31 14:24:18,113] INFO in base: SELECT pg_catalog.pg_class.relname 
FROM pg_catalog.pg_class JOIN pg_catalog.pg_namespace ON pg_catalog.pg_namespace.oid = pg_catalog.pg_class.relnamespace 
WHERE pg_catalog.pg_class.relname = $1::VARCHAR AND pg_catalog.pg_class.relkind = ANY (ARRAY[$2::VARCHAR, $3::VARCHAR, $4::VARCHAR, $5::VARCHAR, $6::VARCHAR]) AND pg_catalog.pg_table_is_visible(pg_catalog.pg_class.oid) AND pg_catalog.pg_namespace.nspname != $7::VARCHAR
[2026-08-31 14:24:18,113] INFO in base: [cached since 0.1093s ago] ('products', 'r', 'p', 'f', 'v', 'm', 'pg_catalog')
[2026-08-31 14:24:18,114] INFO in base: 
DROP TABLE products
[2026-08-31 14:24:18,115] INFO in base: [no key 0.00019s] ()
[2026-08-31 14:24:18,118] INFO in base: SELECT pg_catalog.pg_type.typname 
FROM pg_catalog.pg_type JOIN pg_catalog.pg_namespace ON pg_catalog.pg_namespace.oid = pg_catalog.pg_type.typnamespace 
WHERE pg_catalog.pg_type.typname = $1::VARCHAR AND pg_catalog.pg_type_is_visible(pg_catalog.pg_type.oid) AND pg_catalog.pg_namespace.nspname != $2::VARCHAR
[2026-08-31 14:24:18,118] INFO in base: [cached since 0.1105s ago] ('currency_enum', 'pg_catalog')
[2026-08-31 14:24:18,120] INFO in base: DROP TYPE currency_enum
[2026-08-31 14:24:18,120] INFO in base: [no key 0.00028s] ()
[2026-08-31 14:24:18,122] INFO in base: COMMIT
[2026-08-31 14:24:18,125] INFO in base: BEGIN (implicit)
[2026-08-31 14:24:18,125] INFO in base: SELECT pg_catalog.pg_class.relname 
FROM pg_catalog.pg_class JOIN pg_catalog.pg_namespace ON pg_catalog.pg_namespace.oid = pg_catalog.pg_class.relnamespace 
WHERE pg_catalog.pg_class.relname = $1::VARCHAR AND pg_catalog.pg_class.relkind = ANY (ARRAY[$2::VARCHAR, $3::VARCHAR, $4::VARCHAR, $5::VARCHAR, $6::VARCHAR]) AND pg_catalog.pg_table_is_visible(pg_catalog.pg_class.oid) AND pg_catalog.pg_namespace.nspname != $7::VARCHAR
[2026-08-31 14:24:18,126] INFO in base: [cached since 0.122s ago] ('products', 'r', 'p', 'f', 'v', 'm', 'pg_catalog')
[2026-08-31 14:24:18,128] INFO in base: SELECT pg_catalog.pg_type.typname 
FROM pg_catalog.pg_type JOIN pg_catalog.pg_namespace ON pg_catalog.pg_namespace.oid = pg_catalog.pg_type.typnamespace 
WHERE pg_catalog.pg_type.typname = $1::VARCHAR AND pg_catalog.pg_type_is_visible(pg_catalog.pg_type.oid) AND pg_catalog.pg_namespace.nspname != $2::VARCHAR
[2026-08-31 14:24:18,129] INFO in base: [cached since 0.121s ago] ('currency_enum', 'pg_catalog')
[2026-08-31 14:24:18,131] INFO in base: CREATE TYPE currency_enum AS ENUM ('USD', 'EUR', 'CAD')
[2026-08-31 14:24:18,131] INFO in base: [no key 0.00033s] ()
[2026-08-31 14:24:18,133] INFO in base: 
CREATE TABLE products (
	id SERIAL NOT NULL, 
	name VARCHAR(255) NOT NULL, 
	price NUMERIC(15, 2) NOT NULL, 
	currency currency_enum NOT NULL, 
	sku VARCHAR(100) NOT NULL, 
	quantity NUMERIC(18, 3) NOT NULL, 
	is_active BOOLEAN NOT NULL, 
	created_at TIMESTAMP WITHOUT TIME ZONE DEFAULT now() NOT NULL, 
	updated_at TIMESTAMP WITHOUT TIME ZONE DEFAULT now() NOT NULL, 
	PRIMARY KEY (id), 
	CONSTRAINT check_price_positive CHECK (price > 0), 
	CONSTRAINT check_quantity_non_negative CHECK (quantity >= 0), 
	UNIQUE (sku)
)


[2026-08-31 14:24:18,133] INFO in base: [no key 0.00026s] ()
[2026-08-31 14:24:18,136] INFO in base: COMMIT
[2026-08-31 14:24:18,140] INFO in products_api: Creating new product
[2026-08-31 14:24:18,140] INFO in base: BEGIN (implicit)
[2026-08-31 14:24:18,140] INFO in base: INSERT INTO products (name, price, currency, sku, quantity, is_active) VALUES ($1::VARCHAR, $2::NUMERIC(15, 2), $3::currency_enum, $4::VARCHAR, $5::NUMERIC(18, 3), $6::BOOLEAN) RETURNING products.id, products.created_at, products.updated_at
[2026-08-31 14:24:18,141] INFO in base: [cached since 0.1149s ago] ('Test Product', Decimal('19.99'), 'USD', 'TESTSKU123', Decimal('10'), True)
[2026-08-31 14:24:18,147] INFO in base: COMMIT
[2026-08-31 14:24:18,149] INFO in _client: HTTP Request: POST http://test/api/v1/products "HTTP/1.1 201 Created"
[2026-08-31 14:24:18,152] INFO in products_api: Deleting product with ID: 1
[2026-08-31 14:24:18,152] INFO in base: BEGIN (implicit)
[2026-08-31 14:24:18,153] INFO in base: SELECT products.id AS products_id, products.name AS products_name, products.price AS products_price, products.currency AS products_currency, products.sku AS products_sku, products.quantity AS products_quantity, products.is_active AS products_is_active, products.created_at AS products_created_at, products.updated_at AS products_updated_at 
FROM products 
WHERE products.id = $1::INTEGER
[2026-08-31 14:24:18,153] INFO in base: [cached since 0.07685s ago] (1,)
[2026-08-31 14:24:18,156] INFO in base: UPDATE products SET is_active=$1::BOOLEAN, updated_at=now() WHERE products.id = $2::INTEGER
[2026-08-31 14:24:18,156] INFO in base: [generated in 0.00030s] (False, 1)
[2026-08-31 14:24:18,157] INFO in base: COMMIT
[2026-08-31 14:24:18,158] INFO in _client: HTTP Request: DELETE http://test/api/v1/products/1 "HTTP/1.1 204 No Content"
[2026-08-31 14:24:18,160] INFO in products_api: Fetching product with ID: 1
[2026-08-31 14:24:18,160] INFO in base: BEGIN (implicit)
[2026-08-31 14:24:18,160] INFO in base: SELECT products.id AS products_id, products.name AS products_name, products.price AS products_price, products.currency AS products_currency, products.sku AS products_sku, products.quantity AS products_quantity, products.is_active AS products_is_active, products.created_at AS products_created_at, products.updated_at AS products_updated_at 
FROM products 
WHERE products.id = $1::INTEGER
[2026-08-31 14:24:18,161] INFO in base: [cached since 0.08468s ago] (1,)
[2026-08-31 14:24:18,162] ERROR in products_api: Error occurred while fetching product: Product not found
[2026-08-31 14:24:18,162] INFO in base: ROLLBACK
[2026-08-31 14:24:18,162] INFO in _client: HTTP Request: GET http://test/api/v1/products/1 "HTTP/1.1 404 Not Found"
[2026-08-31 14:24:18,163] INFO in base: BEGIN (implicit)
[2026-08-31 14:24:18,164] INFO in base: SELECT pg_catalog.pg_class.relname 
FROM pg_catalog.pg_class JOIN pg_catalog.pg_namespace ON pg_catalog.pg_namespace.oid = pg_catalog.pg_class.relnamespace 
WHERE pg_catalog.pg_class.relname = $1::VARCHAR AND pg_catalog.pg_class.relkind = ANY (ARRAY[$2::VARCHAR, $3::VARCHAR, $4::VARCHAR, $5::VARCHAR, $6::VARCHAR]) AND pg_catalog.pg_table_is_visible(pg_catalog.pg_class.oid) AND pg_catalog.pg_namespace.nspname != $7::VARCHAR
[2026-08-31 14:24:18,164] INFO in base: [cached since 0.1602s ago] ('products', 'r', 'p', 'f', 'v', 'm', 'pg_catalog')
[2026-08-31 14:24:18,166] INFO in base: 
DROP TABLE products
[2026-08-31 14:24:18,166] INFO in base: [no key 0.00019s] ()
[2026-08-31 14:24:18,168] INFO in base: SELECT pg_catalog.pg_type.typname 
FROM pg_catalog.pg_type JOIN pg_catalog.pg_namespace ON pg_catalog.pg_namespace.oid = pg_catalog.pg_type.typnamespace 
WHERE pg_catalog.pg_type.typname = $1::VARCHAR AND pg_catalog.pg_type_is_visible(pg_catalog.pg_type.oid) AND pg_catalog.pg_namespace.nspname != $2::VARCHAR
[2026-08-31 14:24:18,168] INFO in base: [cached since 0.1608s ago] ('currency_enum', 'pg_catalog')
[2026-08-31 14:24:18,170] INFO in base: DROP TYPE currency_enum
[2026-08-31 14:24:18,170] INFO in base: [no key 0.00022s] ()
[2026-08-31 14:24:18,172] INFO in base: COMMIT
[2026-08-31 14:24:18,175] INFO in base: BEGIN (implicit)
[2026-08-31 14:24:18,176] INFO in base: SELECT pg_catalog.pg_class.relname 
FROM pg_catalog.pg_class JOIN pg_catalog.pg_namespace ON pg_catalog.pg_namespace.oid = pg_catalog.pg_class.relnamespace 
WHERE pg_catalog.pg_class.relname = $1::VARCHAR AND pg_catalog.pg_class.relkind = ANY (ARRAY[$2::VARCHAR, $3::VARCHAR, $4::VARCHAR, $5::VARCHAR, $6::VARCHAR]) AND pg_catalog.pg_table_is_visible(pg_catalog.pg_class.oid) AND pg_catalog.pg_namespace.nspname != $7::VARCHAR
[2026-08-31 14:24:18,176] INFO in base: [cached since 0.1721s ago] ('products', 'r', 'p', 'f', 'v', 'm', 'pg_catalog')
[2026-08-31 14:24:18,179] INFO in base: SELECT pg_catalog.pg_type.typname 
FROM pg_catalog.pg_type JOIN pg_catalog.pg_namespace ON pg_catalog.pg_namespace.oid = pg_catalog.pg_type.typnamespace 
WHERE pg_catalog.pg_type.typname = $1::VARCHAR AND pg_catalog.pg_type_is_visible(pg_catalog.pg_type.oid) AND pg_catalog.pg_namespace.nspname != $2::VARCHAR
[2026-08-31 14:24:18,179] INFO in base: [cached since 0.1712s ago] ('currency_enum', 'pg_catalog')
[2026-08-31 14:24:18,181] INFO in base: CREATE TYPE currency_enum AS ENUM ('USD', 'EUR', 'CAD')
[2026-08-31 14:24:18,181] INFO in base: [no key 0.00021s] ()
[2026-08-31 14:24:18,182] INFO in base: 
CREATE TABLE products (
	id SERIAL NOT NULL, 
	name VARCHAR(255) NOT NULL, 
	price NUMERIC(15, 2) NOT NULL, 
	currency currency_enum NOT NULL, 
	sku VARCHAR(100) NOT NULL, 
	quantity NUMERIC(18, 3) NOT NULL, 
	is_active BOOLEAN NOT NULL, 
	created_at TIMESTAMP WITHOUT TIME ZONE DEFAULT now() NOT NULL, 
	updated_at TIMESTAMP WITHOUT TIME ZONE DEFAULT now() NOT NULL, 
	PRIMARY KEY (id), 
	CONSTRAINT check_price_positive CHECK (price > 0), 
	CONSTRAINT check_quantity_non_negative CHECK (quantity >= 0), 
	UNIQUE (sku)
)


[2026-08-31 14:24:18,182] INFO in base: [no key 0.00022s] ()
[2026-08-31 14:24:18,186] INFO in base: COMMIT
[2026-08-31 14:24:18,189] INFO in products_api: Creating new product
[2026-08-31 14:24:18,189] INFO in base: BEGIN (implicit)
[2026-08-31 14:24:18,190] INFO in base: INSERT INTO products (name, price, currency, sku, quantity, is_active) VALUES ($1::VARCHAR, $2::NUMERIC(15, 2), $3::currency_enum, $4::VARCHAR, $5::NUMERIC(18, 3), $6::BOOLEAN) RETURNING products.id, products.created_at, products.updated_at
[2026-08-31 14:24:18,190] INFO in base: [cached since 0.1644s ago] ('Test Product', Decimal('19.99'), 'USD', 'TESTSKU123', Decimal('10'), True)
[2026-08-31 14:24:18,196] INFO in base: COMMIT
[2026-08-31 14:24:18,198] INFO in _client: HTTP Request: POST http://test/api/v1/products "HTTP/1.1 201 Created"
[2026-08-31 14:24:18,200] INFO in products_api: Updating product with ID: 1
[2026-08-31 14:24:18,201] INFO in base: BEGIN (implicit)
[2026-08-31 14:24:18,201] INFO in base: SELECT products.id AS products_id, products.name AS products_name, products.price AS products_price, products.currency AS products_currency, products.sku AS products_sku, products.quantity AS products_quantity, products.is_active AS products_is_active, products.created_at AS products_created_at, products.updated_at AS products_updated_at 
FROM products 
WHERE products.id = $1::INTEGER
[2026-08-31 14:24:18,201] INFO in base: [cached since 0.1253s ago] (1,)
[2026-08-31 14:24:18,204] INFO in base: UPDATE products SET price=$1::NUMERIC(15, 2), updated_at=now() WHERE products.id = $2::INTEGER
[2026-08-31 14:24:18,204] INFO in base: [generated in 0.00028s] (Decimal('29.99'), 1)
[2026-08-31 14:24:18,205] INFO in base: COMMIT
[2026-08-31 14:24:18,207] INFO in _client: HTTP Request: PUT http://test/api/v1/products/1 "HTTP/1.1 200 OK"
[2026-08-31 14:24:18,208] INFO in products_api: Fetching product with ID: 1
[2026-08-31 14:24:18,208] INFO in base: BEGIN (implicit)
[2026-08-31 14:24:18,209] INFO in base: SELECT products.id AS products_id, products.name AS products_name, products.price AS products_price, products.currency AS products_currency, products.sku AS products_sku, products.quantity AS products_quantity, products.is_active AS products_is_active, products.created_at AS products_created_at, products.updated_at AS products_updated_at 
FROM products 
WHERE products.id = $1::INTEGER
[2026-08-31 14:24:18,209] INFO in base: [cached since 0.1328s ago] (1,)
[2026-08-31 14:24:18,210] INFO in base: ROLLBACK
[2026-08-31 14:24:18,210] INFO in _client: HTTP Request: GET http://test/api/v1/products/1 "HTTP/1.1 200 OK"
[2026-08-31 14:24:18,211] INFO in base: BEGIN (implicit)
[2026-08-31 14:24:18,212] INFO in base: SELECT pg_catalog.pg_class.relname 
FROM pg_catalog.pg_class JOIN pg_catalog.pg_namespace ON pg_catalog.pg_namespace.oid = pg_catalog.pg_class.relnamespace 
WHERE pg_catalog.pg_class.relname = $1::VARCHAR AND pg_catalog.pg_class.relkind = ANY (ARRAY[$2::VARCHAR, $3::VARCHAR, $4::VARCHAR, $5::VARCHAR, $6::VARCHAR]) AND pg_catalog.pg_table_is_visible(pg_catalog.pg_class.oid) AND pg_catalog.pg_namespace.nspname != $7::VARCHAR
[2026-08-31 14:24:18,212] INFO in base: [cached since 0.2082s ago] ('products', 'r', 'p', 'f', 'v', 'm', 'pg_catalog')
[2026-08-31 14:24:18,213] INFO in base: 
DROP TABLE products
[2026-08-31 14:24:18,213] INFO in base: [no key 0.00017s] ()
[2026-08-31 14:24:18,215] INFO in base: SELECT pg_catalog.pg_type.typname 
FROM pg_catalog.pg_type JOIN pg_catalog.pg_namespace ON pg_catalog.pg_namespace.oid = pg_catalog.pg_type.typnamespace 
WHERE pg_catalog.pg_type.typname = $1::VARCHAR AND pg_catalog.pg_type_is_visible(pg_catalog.pg_type.oid) AND pg_catalog.pg_namespace.nspname != $2::VARCHAR
[2026-08-31 14:24:18,216] INFO in base: [cached since 0.208s ago] ('currency_enum', 'pg_catalog')
[2026-08-31 14:24:18,218] INFO in base: DROP TYPE currency_enum
[2026-08-31 14:24:18,218] INFO in base: [no key 0.00033s] ()
[2026-08-31 14:24:18,219] INFO in base: COMMIT
[2026-08-31 14:24:18,222] INFO in base: BEGIN (implicit)
[2026-08-31 14:24:18,223] INFO in base: SELECT pg_catalog.pg_class.relname 
FROM pg_catalog.pg_class JOIN pg_catalog.pg_namespace ON pg_catalog.pg_namespace.oid = pg_catalog.pg_class.relnamespace 
WHERE pg_catalog.pg_class.relname = $1::VARCHAR AND pg_catalog.pg_class.relkind = ANY (ARRAY[$2::VARCHAR, $3::VARCHAR, $4::VARCHAR, $5::VARCHAR, $6::VARCHAR]) AND pg_catalog.pg_table_is_visible(pg_catalog.pg_class.oid) AND pg_catalog.pg_namespace.nspname != $7::VARCHAR
[2026-08-31 14:24:18,223] INFO in base: [cached since 0.2193s ago] ('products', 'r', 'p', 'f', 'v', 'm', 'pg_catalog')
[2026-08-31 14:24:18,225] INFO in base: SELECT pg_catalog.pg_type.typname 
FROM pg_catalog.pg_type JOIN pg_catalog.pg_namespace ON pg_catalog.pg_namespace.oid = pg_catalog.pg_type.typnamespace 
WHERE pg_catalog.pg_type.typname = $1::VARCHAR AND pg_catalog.pg_type_is_visible(pg_catalog.pg_type.oid) AND pg_catalog.pg_namespace.nspname != $2::VARCHAR
[2026-08-31 14:24:18,225] INFO in base: [cached since 0.2175s ago] ('currency_enum', 'pg_catalog')
[2026-08-31 14:24:18,226] INFO in base: CREATE TYPE currency_enum AS ENUM ('USD', 'EUR', 'CAD')
[2026-08-31 14:24:18,226] INFO in base: [no key 0.00017s] ()
[2026-08-31 14:24:18,228] INFO in base: 
CREATE TABLE products (
	id SERIAL NOT NULL, 
	name VARCHAR(255) NOT NULL, 
	price NUMERIC(15, 2) NOT NULL, 
	currency currency_enum NOT NULL, 
	sku VARCHAR(100) NOT NULL, 
	quantity NUMERIC(18, 3) NOT NULL, 
	is_active BOOLEAN NOT NULL, 
	created_at TIMESTAMP WITHOUT TIME ZONE DEFAULT now() NOT NULL, 
	updated_at TIMESTAMP WITHOUT TIME ZONE DEFAULT now() NOT NULL, 
	PRIMARY KEY (id), 
	CONSTRAINT check_price_positive CHECK (price > 0), 
	CONSTRAINT check_quantity_non_negative CHECK (quantity >= 0), 
	UNIQUE (sku)
)


[2026-08-31 14:24:18,228] INFO in base: [no key 0.00021s] ()
[2026-08-31 14:24:18,231] INFO in base: COMMIT
[2026-08-31 14:24:18,234] INFO in products_api: Creating new product
[2026-08-31 14:24:18,234] INFO in base: BEGIN (implicit)
[2026-08-31 14:24:18,235] INFO in base: INSERT INTO products (name, price, currency, sku, quantity, is_active) VALUES ($1::VARCHAR, $2::NUMERIC(15, 2), $3::currency_enum, $4::VARCHAR, $5::NUMERIC(18, 3), $6::BOOLEAN) RETURNING products.id, products.created_at, products.updated_at
[2026-08-31 14:24:18,235] INFO in base: [cached since 0.209s ago] ('Test Product', Decimal('19.99'), 'USD', 'TESTSKU123', Decimal('10'), True)
[2026-08-31 14:24:18,243] INFO in base: COMMIT
[2026-08-31 14:24:18,245] INFO in _client: HTTP Request: POST http://test/api/v1/products "HTTP/1.1 201 Created"
[2026-08-31 14:24:18,247] INFO in products_api: Creating new product
[2026-08-31 14:24:18,248] INFO in base: BEGIN (implicit)
[2026-08-31 14:24:18,248] INFO in base: INSERT INTO products (name, price, currency, sku, quantity, is_active) VALUES ($1::VARCHAR, $2::NUMERIC(15, 2), $3::currency_enum, $4::VARCHAR, $5::NUMERIC(18, 3), $6::BOOLEAN) RETURNING products.id, products.created_at, products.updated_at
[2026-08-31 14:24:18,248] INFO in base: [cached since 0.2229s ago] ('Test Product', Decimal('19.99'), 'USD', 'TESTSKU123', Decimal('10'), True)
[2026-08-31 14:24:18,250] INFO in base: ROLLBACK
[2026-08-31 14:24:18,251] ERROR in products_api: Error occurred while creating product: Product already exists
[2026-08-31 14:24:18,251] INFO in _client: HTTP Request: POST http://test/api/v1/products "HTTP/1.1 400 Bad Request"
[2026-08-31 14:24:18,252] INFO in base: BEGIN (implicit)
[2026-08-31 14:24:18,252] INFO in base: SELECT pg_catalog.pg_class.relname 
FROM pg_catalog.pg_class JOIN pg_catalog.pg_namespace ON pg_catalog.pg_namespace.oid = pg_catalog.pg_class.relnamespace 
WHERE pg_catalog.pg_class.relname = $1::VARCHAR AND pg_catalog.pg_class.relkind = ANY (ARRAY[$2::VARCHAR, $3::VARCHAR, $4::VARCHAR, $5::VARCHAR, $6::VARCHAR]) AND pg_catalog.pg_table_is_visible(pg_catalog.pg_class.oid) AND pg_catalog.pg_namespace.nspname != $7::VARCHAR
[2026-08-31 14:24:18,253] INFO in base: [cached since 0.2489s ago] ('products', 'r', 'p', 'f', 'v', 'm', 'pg_catalog')
[2026-08-31 14:24:18,254] INFO in base: 
DROP TABLE products
[2026-08-31 14:24:18,255] INFO in base: [no key 0.00028s] ()
[2026-08-31 14:24:18,257] INFO in base: SELECT pg_catalog.pg_type.typname 
FROM pg_catalog.pg_type JOIN pg_catalog.pg_namespace ON pg_catalog.pg_namespace.oid = pg_catalog.pg_type.typnamespace 
WHERE pg_catalog.pg_type.typname = $1::VARCHAR AND pg_catalog.pg_type_is_visible(pg_catalog.pg_type.oid) AND pg_catalog.pg_namespace.nspname != $2::VARCHAR
[2026-08-31 14:24:18,258] INFO in base: [cached since 0.2501s ago] ('currency_enum', 'pg_catalog')
[2026-08-31 14:24:18,259] INFO in base: DROP TYPE currency_enum
[2026-08-31 14:24:18,259] INFO in base: [no key 0.00019s] ()
[2026-08-31 14:24:18,261] INFO in base: COMMIT
[2026-08-31 14:24:18,263] INFO in base: BEGIN (implicit)
[2026-08-31 14:24:18,263] INFO in base: SELECT pg_catalog.pg_class.relname 
FROM pg_catalog.pg_class JOIN pg_catalog.pg_namespace ON pg_catalog.pg_namespace.oid = pg_catalog.pg_class.relnamespace 
WHERE pg_catalog.pg_class.relname = $1::VARCHAR AND pg_catalog.pg_class.relkind = ANY (ARRAY[$2::VARCHAR, $3::VARCHAR, $4::VARCHAR, $5::VARCHAR, $6::VARCHAR]) AND pg_catalog.pg_table_is_visible(pg_catalog.pg_class.oid) AND pg_catalog.pg_namespace.nspname != $7::VARCHAR
[2026-08-31 14:24:18,263] INFO in base: [cached since 0.2598s ago] ('products', 'r', 'p', 'f', 'v', 'm', 'pg_catalog')
[2026-08-31 14:24:18,265] INFO in base: SELECT pg_catalog.pg_type.typname 
FROM pg_catalog.pg_type JOIN pg_catalog.pg_namespace ON pg_catalog.pg_namespace.oid = pg_catalog.pg_type.typnamespace 
WHERE pg_catalog.pg_type.typname = $1::VARCHAR AND pg_catalog.pg_type_is_visible(pg_catalog.pg_type.oid) AND pg_catalog.pg_namespace.nspname != $2::VARCHAR
[2026-08-31 14:24:18,266] INFO in base: [cached since 0.258s ago] ('currency_enum', 'pg_catalog')
[2026-08-31 14:24:18,267] INFO in base: CREATE TYPE currency_enum AS ENUM ('USD', 'EUR', 'CAD')
[2026-08-31 14:24:18,267] INFO in base: [no key 0.00023s] ()
[2026-08-31 14:24:18,269] INFO in base: 
CREATE TABLE products (
	id SERIAL NOT NULL, 
	name VARCHAR(255) NOT NULL, 
	price NUMERIC(15, 2) NOT NULL, 
	currency currency_enum NOT NULL, 
	sku VARCHAR(100) NOT NULL, 
	quantity NUMERIC(18, 3) NOT NULL, 
	is_active BOOLEAN NOT NULL, 
	created_at TIMESTAMP WITHOUT TIME ZONE DEFAULT now() NOT NULL, 
	updated_at TIMESTAMP WITHOUT TIME ZONE DEFAULT now() NOT NULL, 
	PRIMARY KEY (id), 
	CONSTRAINT check_price_positive CHECK (price > 0), 
	CONSTRAINT check_quantity_non_negative CHECK (quantity >= 0), 
	UNIQUE (sku)
)


[2026-08-31 14:24:18,269] INFO in base: [no key 0.00021s] ()
[2026-08-31 14:24:18,272] INFO in base: COMMIT
[2026-08-31 14:24:18,275] INFO in products_api: Creating new product
[2026-08-31 14:24:18,276] INFO in base: BEGIN (implicit)
[2026-08-31 14:24:18,276] INFO in base: INSERT INTO products (name, price, currency, sku, quantity, is_active) VALUES ($1::VARCHAR, $2::NUMERIC(15, 2), $3::currency_enum, $4::VARCHAR, $5::NUMERIC(18, 3), $6::BOOLEAN) RETURNING products.id, products.created_at, products.updated_at
[2026-08-31 14:24:18,276] INFO in base: [cached since 0.2507s ago] ('Test Product', Decimal('-10.0'), 'USD', 'TESTSKU123', Decimal('10'), True)
[2026-08-31 14:24:18,283] INFO in base: ROLLBACK
[2026-08-31 14:24:18,284] ERROR in products_api: Error occurred while creating product: ('Invalid product data', '<class \'asyncpg.exceptions.CheckViolationError\'>: new row for relation "products" violates check constraint "check_price_positive"\nDETAIL:  Failing row contains (1, Test Product, -10.00, USD, TESTSKU123, 10.000, t, 2026-08-31 06:24:18.277139, 2026-08-31 06:24:18.277139).')
[2026-08-31 14:24:19,230] INFO in base: BEGIN (implicit)
[2026-08-31 14:24:19,230] INFO in base: SELECT pg_catalog.pg_class.relname 
FROM pg_catalog.pg_class JOIN pg_catalog.pg_namespace ON pg_catalog.pg_namespace.oid = pg_catalog.pg_class.relnamespace 
WHERE pg_catalog.pg_class.relname = $1::VARCHAR AND pg_catalog.pg_class.relkind = ANY (ARRAY[$2::VARCHAR, $3::VARCHAR, $4::VARCHAR, $5::VARCHAR, $6::VARCHAR]) AND pg_catalog.pg_table_is_visible(pg_catalog.pg_class.oid) AND pg_catalog.pg_namespace.nspname != $7::VARCHAR
[2026-08-31 14:24:19,230] INFO in base: [cached since 1.226s ago] ('products', 'r', 'p', 'f', 'v', 'm', 'pg_catalog')
[2026-08-31 14:24:19,232] INFO in base: 
DROP TABLE products
[2026-08-31 14:24:19,232] INFO in base: [no key 0.00014s] ()
[2026-08-31 14:24:19,234] INFO in base: SELECT pg_catalog.pg_type.typname 
FROM pg_catalog.pg_type JOIN pg_catalog.pg_namespace ON pg_catalog.pg_namespace.oid = pg_catalog.pg_type.typnamespace 
WHERE pg_catalog.pg_type.typname = $1::VARCHAR AND pg_catalog.pg_type_is_visible(pg_catalog.pg_type.oid) AND pg_catalog.pg_namespace.nspname != $2::VARCHAR
[2026-08-31 14:24:19,234] INFO in base: [cached since 1.226s ago] ('currency_enum', 'pg_catalog')
[2026-08-31 14:24:19,235] INFO in base: DROP TYPE currency_enum
[2026-08-31 14:24:19,235] INFO in base: [no key 0.00020s] ()
[2026-08-31 14:24:19,236] INFO in base: COMMIT
[2026-08-31 14:24:19,248] INFO in base: BEGIN (implicit)
[2026-08-31 14:24:19,248] INFO in base: SELECT pg_catalog.pg_class.relname 
FROM pg_catalog.pg_class JOIN pg_catalog.pg_namespace ON pg_catalog.pg_namespace.oid = pg_catalog.pg_class.relnamespace 
WHERE pg_catalog.pg_class.relname = $1::VARCHAR AND pg_catalog.pg_class.relkind = ANY (ARRAY[$2::VARCHAR, $3::VARCHAR, $4::VARCHAR, $5::VARCHAR, $6::VARCHAR]) AND pg_catalog.pg_table_is_visible(pg_catalog.pg_class.oid) AND pg_catalog.pg_namespace.nspname != $7::VARCHAR
[2026-08-31 14:24:19,248] INFO in base: [cached since 1.245s ago] ('products', 'r', 'p', 'f', 'v', 'm', 'pg_catalog')
[2026-08-31 14:24:19,250] INFO in base: SELECT pg_catalog.pg_type.typname 
FROM pg_catalog.pg_type JOIN pg_catalog.pg_namespace ON pg_catalog.pg_namespace.oid = pg_catalog.pg_type.typnamespace 
WHERE pg_catalog.pg_type.typname = $1::VARCHAR AND pg_catalog.pg_type_is_visible(pg_catalog.pg_type.oid) AND pg_catalog.pg_namespace.nspname != $2::VARCHAR
[2026-08-31 14:24:19,251] INFO in base: [cached since 1.243s ago] ('currency_enum', 'pg_catalog')
[2026-08-31 14:24:19,252] INFO in base: CREATE TYPE currency_enum AS ENUM ('USD', 'EUR', 'CAD')
[2026-08-31 14:24:19,252] INFO in base: [no key 0.00014s] ()
[2026-08-31 14:24:19,253] INFO in base: 
CREATE TABLE products (
	id SERIAL NOT NULL, 
	name VARCHAR(255) NOT NULL, 
	price NUMERIC(15, 2) NOT NULL, 
	currency currency_enum NOT NULL, 
	sku VARCHAR(100) NOT NULL, 
	quantity NUMERIC(18, 3) NOT NULL, 
	is_active BOOLEAN NOT NULL, 
	created_at TIMESTAMP WITHOUT TIME ZONE DEFAULT now() NOT NULL, 
	updated_at TIMESTAMP WITHOUT TIME ZONE DEFAULT now() NOT NULL, 
	PRIMARY KEY (id), 
	CONSTRAINT check_price_positive CHECK (price > 0), 
	CONSTRAINT check_quantity_non_negative CHECK (quantity >= 0), 
	UNIQUE (sku)
)


[2026-08-31 14:24:19,253] INFO in base: [no key 0.00016s] ()
[2026-08-31 14:24:19,256] INFO in base: COMMIT
[2026-08-31 14:24:19,260] INFO in _client: HTTP Request: POST http://test/api/v1/products "HTTP/1.1 422 Unprocessable Content"
[2026-08-31 14:24:19,261] INFO in base: BEGIN (implicit)
[2026-08-31 14:24:19,261] INFO in base: SELECT pg_catalog.pg_class.relname 
FROM pg_catalog.pg_class JOIN pg_catalog.pg_namespace ON pg_catalog.pg_namespace.oid = pg_catalog.pg_class.relnamespace 
WHERE pg_catalog.pg_class.relname = $1::VARCHAR AND pg_catalog.pg_class.relkind = ANY (ARRAY[$2::VARCHAR, $3::VARCHAR, $4::VARCHAR, $5::VARCHAR, $6::VARCHAR]) AND pg_catalog.pg_table_is_visible(pg_catalog.pg_class.oid) AND pg_catalog.pg_namespace.nspname != $7::VARCHAR
[2026-08-31 14:24:19,261] INFO in base: [cached since 1.258s ago] ('products', 'r', 'p', 'f', 'v', 'm', 'pg_catalog')
[2026-08-31 14:24:19,263] INFO in base: 
DROP TABLE products
[2026-08-31 14:24:19,263] INFO in base: [no key 0.00019s] ()
[2026-08-31 14:24:19,265] INFO in base: SELECT pg_catalog.pg_type.typname 
FROM pg_catalog.pg_type JOIN pg_catalog.pg_namespace ON pg_catalog.pg_namespace.oid = pg_catalog.pg_type.typnamespace 
WHERE pg_catalog.pg_type.typname = $1::VARCHAR AND pg_catalog.pg_type_is_visible(pg_catalog.pg_type.oid) AND pg_catalog.pg_namespace.nspname != $2::VARCHAR
[2026-08-31 14:24:19,266] INFO in base: [cached since 1.258s ago] ('currency_enum', 'pg_catalog')
[2026-08-31 14:24:19,267] INFO in base: DROP TYPE currency_enum
[2026-08-31 14:24:19,267] INFO in base: [no key 0.00025s] ()
[2026-08-31 14:24:19,268] INFO in base: COMMIT
[2026-08-31 14:24:19,271] INFO in base: BEGIN (implicit)
[2026-08-31 14:24:19,272] INFO in base: SELECT pg_catalog.pg_class.relname 
FROM pg_catalog.pg_class JOIN pg_catalog.pg_namespace ON pg_catalog.pg_namespace.oid = pg_catalog.pg_class.relnamespace 
WHERE pg_catalog.pg_class.relname = $1::VARCHAR AND pg_catalog.pg_class.relkind = ANY (ARRAY[$2::VARCHAR, $3::VARCHAR, $4::VARCHAR, $5::VARCHAR, $6::VARCHAR]) AND pg_catalog.pg_table_is_visible(pg_catalog.pg_class.oid) AND pg_catalog.pg_namespace.nspname != $7::VARCHAR
[2026-08-31 14:24:19,272] INFO in base: [cached since 1.268s ago] ('products', 'r', 'p', 'f', 'v', 'm', 'pg_catalog')
[2026-08-31 14:24:19,274] INFO in base: SELECT pg_catalog.pg_type.typname 
FROM pg_catalog.pg_type JOIN pg_catalog.pg_namespace ON pg_catalog.pg_namespace.oid = pg_catalog.pg_type.typnamespace 
WHERE pg_catalog.pg_type.typname = $1::VARCHAR AND pg_catalog.pg_type_is_visible(pg_catalog.pg_type.oid) AND pg_catalog.pg_namespace.nspname != $2::VARCHAR
[2026-08-31 14:24:19,274] INFO in base: [cached since 1.267s ago] ('currency_enum', 'pg_catalog')
[2026-08-31 14:24:19,276] INFO in base: CREATE TYPE currency_enum AS ENUM ('USD', 'EUR', 'CAD')
[2026-08-31 14:24:19,276] INFO in base: [no key 0.00021s] ()
[2026-08-31 14:24:19,278] INFO in base: 
CREATE TABLE products (
	id SERIAL NOT NULL, 
	name VARCHAR(255) NOT NULL, 
	price NUMERIC(15, 2) NOT NULL, 
	currency currency_enum NOT NULL, 
	sku VARCHAR(100) NOT NULL, 
	quantity NUMERIC(18, 3) NOT NULL, 
	is_active BOOLEAN NOT NULL, 
	created_at TIMESTAMP WITHOUT TIME ZONE DEFAULT now() NOT NULL, 
	updated_at TIMESTAMP WITHOUT TIME ZONE DEFAULT now() NOT NULL, 
	PRIMARY KEY (id), 
	CONSTRAINT check_price_positive CHECK (price > 0), 
	CONSTRAINT check_quantity_non_negative CHECK (quantity >= 0), 
	UNIQUE (sku)
)


[2026-08-31 14:24:19,278] INFO in base: [no key 0.00021s] ()
[2026-08-31 14:24:19,281] INFO in base: COMMIT
[2026-08-31 14:24:19,286] INFO in _client: HTTP Request: POST http://test/api/v1/products "HTTP/1.1 422 Unprocessable Content"
[2026-08-31 14:24:19,313] INFO in base: BEGIN (implicit)
[2026-08-31 14:24:19,313] INFO in base: SELECT pg_catalog.pg_class.relname 
FROM pg_catalog.pg_class JOIN pg_catalog.pg_namespace ON pg_catalog.pg_namespace.oid = pg_catalog.pg_class.relnamespace 
WHERE pg_catalog.pg_class.relname = $1::VARCHAR AND pg_catalog.pg_class.relkind = ANY (ARRAY[$2::VARCHAR, $3::VARCHAR, $4::VARCHAR, $5::VARCHAR, $6::VARCHAR]) AND pg_catalog.pg_table_is_visible(pg_catalog.pg_class.oid) AND pg_catalog.pg_namespace.nspname != $7::VARCHAR
[2026-08-31 14:24:19,314] INFO in base: [cached since 1.31s ago] ('products', 'r', 'p', 'f', 'v', 'm', 'pg_catalog')
[2026-08-31 14:24:19,316] INFO in base: 
DROP TABLE products
[2026-08-31 14:24:19,316] INFO in base: [no key 0.00023s] ()
[2026-08-31 14:24:19,318] INFO in base: SELECT pg_catalog.pg_type.typname 
FROM pg_catalog.pg_type JOIN pg_catalog.pg_namespace ON pg_catalog.pg_namespace.oid = pg_catalog.pg_type.typnamespace 
WHERE pg_catalog.pg_type.typname = $1::VARCHAR AND pg_catalog.pg_type_is_visible(pg_catalog.pg_type.oid) AND pg_catalog.pg_namespace.nspname != $2::VARCHAR
[2026-08-31 14:24:19,319] INFO in base: [cached since 1.311s ago] ('currency_enum', 'pg_catalog')
[2026-08-31 14:24:19,321] INFO in base: DROP TYPE currency_enum
[2026-08-31 14:24:19,321] INFO in base: [no key 0.00028s] ()
[2026-08-31 14:24:19,323] INFO in base: COMMIT
[2026-08-31 14:25:18,995] INFO in base: select pg_catalog.version()
[2026-08-31 14:25:18,996] INFO in base: [raw sql] ()
[2026-08-31 14:25:19,001] INFO in base: select current_schema()
[2026-08-31 14:25:19,002] INFO in base: [raw sql] ()
[2026-08-31 14:25:19,003] INFO in base: show standard_conforming_strings
[2026-08-31 14:25:19,004] INFO in base: [raw sql] ()
[2026-08-31 14:25:19,006] INFO in base: BEGIN (implicit)
[2026-08-31 14:25:19,016] INFO in base: SELECT pg_catalog.pg_class.relname 
FROM pg_catalog.pg_class JOIN pg_catalog.pg_namespace ON pg_catalog.pg_namespace.oid = pg_catalog.pg_class.relnamespace 
WHERE pg_catalog.pg_class.relname = $1::VARCHAR AND pg_catalog.pg_class.relkind = ANY (ARRAY[$2::VARCHAR, $3::VARCHAR, $4::VARCHAR, $5::VARCHAR, $6::VARCHAR]) AND pg_catalog.pg_table_is_visible(pg_catalog.pg_class.oid) AND pg_catalog.pg_namespace.nspname != $7::VARCHAR
[2026-08-31 14:25:19,016] INFO in base: [generated in 0.00078s] ('products', 'r', 'p', 'f', 'v', 'm', 'pg_catalog')
[2026-08-31 14:25:19,021] INFO in base: SELECT pg_catalog.pg_type.typname 
FROM pg_catalog.pg_type JOIN pg_catalog.pg_namespace ON pg_catalog.pg_namespace.oid = pg_catalog.pg_type.typnamespace 
WHERE pg_catalog.pg_type.typname = $1::VARCHAR AND pg_catalog.pg_type_is_visible(pg_catalog.pg_type.oid) AND pg_catalog.pg_namespace.nspname != $2::VARCHAR
[2026-08-31 14:25:19,021] INFO in base: [generated in 0.00036s] ('currency_enum', 'pg_catalog')
[2026-08-31 14:25:19,024] INFO in base: CREATE TYPE currency_enum AS ENUM ('USD', 'EUR', 'CAD')
[2026-08-31 14:25:19,024] INFO in base: [no key 0.00030s] ()
[2026-08-31 14:25:19,029] INFO in base: 
CREATE TABLE products (
	id SERIAL NOT NULL, 
	name VARCHAR(255) NOT NULL, 
	price NUMERIC(15, 2) NOT NULL, 
	currency currency_enum NOT NULL, 
	sku VARCHAR(100) NOT NULL, 
	quantity NUMERIC(18, 3) NOT NULL, 
	is_active BOOLEAN NOT NULL, 
	created_at TIMESTAMP WITHOUT TIME ZONE DEFAULT now() NOT NULL, 
	updated_at TIMESTAMP WITHOUT TIME ZONE DEFAULT now() NOT NULL, 
	PRIMARY KEY (id), 
	CONSTRAINT check_price_positive CHECK (price > 0), 
	CONSTRAINT check_quantity_non_negative CHECK (quantity >= 0), 
	UNIQUE (sku)
)


[2026-08-31 14:25:19,029] INFO in base: [no key 0.00021s] ()
[2026-08-31 14:25:19,033] INFO in base: COMMIT
[2026-08-31 14:25:32,524] INFO in products_api: Creating new product
[2026-08-31 14:25:32,536] INFO in base: BEGIN (implicit)
[2026-08-31 14:25:32,541] INFO in base: INSERT INTO products (name, price, currency, sku, quantity, is_active) VALUES ($1::VARCHAR, $2::NUMERIC(15, 2), $3::currency_enum, $4::VARCHAR, $5::NUMERIC(18, 3), $6::BOOLEAN) RETURNING products.id, products.created_at, products.updated_at
[2026-08-31 14:25:32,541] INFO in base: [generated in 0.00081s] ('Test Product', Decimal('-10.0'), 'USD', 'TESTSKU123', Decimal('10'), True)
[2026-08-31 14:25:32,557] INFO in base: ROLLBACK
[2026-08-31 14:25:32,559] ERROR in products_api: Error occurred while creating product: ('Invalid product data', '<class \'asyncpg.exceptions.CheckViolationError\'>: new row for relation "products" violates check constraint "check_price_positive"\nDETAIL:  Failing row contains (1, Test Product, -10.00, USD, TESTSKU123, 10.000, t, 2026-08-31 06:25:32.542401, 2026-08-31 06:25:32.542401).')
[2026-08-31 14:25:35,085] INFO in base: BEGIN (implicit)
[2026-08-31 14:25:35,086] INFO in base: SELECT pg_catalog.pg_class.relname 
FROM pg_catalog.pg_class JOIN pg_catalog.pg_namespace ON pg_catalog.pg_namespace.oid = pg_catalog.pg_class.relnamespace 
WHERE pg_catalog.pg_class.relname = $1::VARCHAR AND pg_catalog.pg_class.relkind = ANY (ARRAY[$2::VARCHAR, $3::VARCHAR, $4::VARCHAR, $5::VARCHAR, $6::VARCHAR]) AND pg_catalog.pg_table_is_visible(pg_catalog.pg_class.oid) AND pg_catalog.pg_namespace.nspname != $7::VARCHAR
[2026-08-31 14:25:35,087] INFO in base: [cached since 16.07s ago] ('products', 'r', 'p', 'f', 'v', 'm', 'pg_catalog')
[2026-08-31 14:25:35,090] INFO in base: 
DROP TABLE products
[2026-08-31 14:25:35,090] INFO in base: [no key 0.00059s] ()
[2026-08-31 14:25:35,112] INFO in base: SELECT pg_catalog.pg_type.typname 
FROM pg_catalog.pg_type JOIN pg_catalog.pg_namespace ON pg_catalog.pg_namespace.oid = pg_catalog.pg_type.typnamespace 
WHERE pg_catalog.pg_type.typname = $1::VARCHAR AND pg_catalog.pg_type_is_visible(pg_catalog.pg_type.oid) AND pg_catalog.pg_namespace.nspname != $2::VARCHAR
[2026-08-31 14:25:35,113] INFO in base: [cached since 16.09s ago] ('currency_enum', 'pg_catalog')
[2026-08-31 14:25:35,114] INFO in base: DROP TYPE currency_enum
[2026-08-31 14:25:35,115] INFO in base: [no key 0.00034s] ()
[2026-08-31 14:25:35,117] INFO in base: COMMIT
[2026-08-31 14:25:41,368] INFO in base: select pg_catalog.version()
[2026-08-31 14:25:41,369] INFO in base: [raw sql] ()
[2026-08-31 14:25:41,374] INFO in base: select current_schema()
[2026-08-31 14:25:41,374] INFO in base: [raw sql] ()
[2026-08-31 14:25:41,376] INFO in base: show standard_conforming_strings
[2026-08-31 14:25:41,376] INFO in base: [raw sql] ()
[2026-08-31 14:25:41,378] INFO in base: BEGIN (implicit)
[2026-08-31 14:25:41,388] INFO in base: SELECT pg_catalog.pg_class.relname 
FROM pg_catalog.pg_class JOIN pg_catalog.pg_namespace ON pg_catalog.pg_namespace.oid = pg_catalog.pg_class.relnamespace 
WHERE pg_catalog.pg_class.relname = $1::VARCHAR AND pg_catalog.pg_class.relkind = ANY (ARRAY[$2::VARCHAR, $3::VARCHAR, $4::VARCHAR, $5::VARCHAR, $6::VARCHAR]) AND pg_catalog.pg_table_is_visible(pg_catalog.pg_class.oid) AND pg_catalog.pg_namespace.nspname != $7::VARCHAR
[2026-08-31 14:25:41,388] INFO in base: [generated in 0.00074s] ('products', 'r', 'p', 'f', 'v', 'm', 'pg_catalog')
[2026-08-31 14:25:41,393] INFO in base: SELECT pg_catalog.pg_type.typname 
FROM pg_catalog.pg_type JOIN pg_catalog.pg_namespace ON pg_catalog.pg_namespace.oid = pg_catalog.pg_type.typnamespace 
WHERE pg_catalog.pg_type.typname = $1::VARCHAR AND pg_catalog.pg_type_is_visible(pg_catalog.pg_type.oid) AND pg_catalog.pg_namespace.nspname != $2::VARCHAR
[2026-08-31 14:25:41,393] INFO in base: [generated in 0.00026s] ('currency_enum', 'pg_catalog')
[2026-08-31 14:25:41,396] INFO in base: CREATE TYPE currency_enum AS ENUM ('USD', 'EUR', 'CAD')
[2026-08-31 14:25:41,396] INFO in base: [no key 0.00028s] ()
[2026-08-31 14:25:41,400] INFO in base: 
CREATE TABLE products (
	id SERIAL NOT NULL, 
	name VARCHAR(255) NOT NULL, 
	price NUMERIC(15, 2) NOT NULL, 
	currency currency_enum NOT NULL, 
	sku VARCHAR(100) NOT NULL, 
	quantity NUMERIC(18, 3) NOT NULL, 
	is_active BOOLEAN NOT NULL, 
	created_at TIMESTAMP WITHOUT TIME ZONE DEFAULT now() NOT NULL, 
	updated_at TIMESTAMP WITHOUT TIME ZONE DEFAULT now() NOT NULL, 
	PRIMARY KEY (id), 
	CONSTRAINT check_price_positive CHECK (price > 0), 
	CONSTRAINT check_quantity_non_negative CHECK (quantity >= 0), 
	UNIQUE (sku)
)


[2026-08-31 14:25:41,400] INFO in base: [no key 0.00033s] ()
[2026-08-31 14:25:41,404] INFO in base: COMMIT
[2026-08-31 14:25:55,407] INFO in products_api: Creating new product
[2026-08-31 14:26:02,870] INFO in base: BEGIN (implicit)
[2026-08-31 14:26:02,903] INFO in base: INSERT INTO products (name, price, currency, sku, quantity, is_active) VALUES ($1::VARCHAR, $2::NUMERIC(15, 2), $3::currency_enum, $4::VARCHAR, $5::NUMERIC(18, 3), $6::BOOLEAN) RETURNING products.id, products.created_at, products.updated_at
[2026-08-31 14:26:02,904] INFO in base: [generated in 0.00516s] ('Test Product', Decimal('-10.0'), 'USD', 'TESTSKU123', Decimal('10'), True)
[2026-08-31 14:26:02,923] INFO in base: ROLLBACK
[2026-08-31 14:26:22,123] ERROR in products_api: Error occurred while creating product: ('Invalid product data', '<class \'asyncpg.exceptions.CheckViolationError\'>: new row for relation "products" violates check constraint "check_price_positive"\nDETAIL:  Failing row contains (1, Test Product, -10.00, USD, TESTSKU123, 10.000, t, 2026-08-31 06:26:02.907172, 2026-08-31 06:26:02.907172).')
[2026-08-31 14:26:39,904] INFO in base: BEGIN (implicit)
[2026-08-31 14:26:40,729] INFO in base: SELECT pg_catalog.pg_class.relname 
FROM pg_catalog.pg_class JOIN pg_catalog.pg_namespace ON pg_catalog.pg_namespace.oid = pg_catalog.pg_class.relnamespace 
WHERE pg_catalog.pg_class.relname = $1::VARCHAR AND pg_catalog.pg_class.relkind = ANY (ARRAY[$2::VARCHAR, $3::VARCHAR, $4::VARCHAR, $5::VARCHAR, $6::VARCHAR]) AND pg_catalog.pg_table_is_visible(pg_catalog.pg_class.oid) AND pg_catalog.pg_namespace.nspname != $7::VARCHAR
[2026-08-31 14:26:40,740] INFO in base: [cached since 59.35s ago] ('products', 'r', 'p', 'f', 'v', 'm', 'pg_catalog')
[2026-08-31 14:26:40,757] INFO in base: 
DROP TABLE products
[2026-08-31 14:26:40,758] INFO in base: [no key 0.00162s] ()
[2026-08-31 14:26:40,785] INFO in base: SELECT pg_catalog.pg_type.typname 
FROM pg_catalog.pg_type JOIN pg_catalog.pg_namespace ON pg_catalog.pg_namespace.oid = pg_catalog.pg_type.typnamespace 
WHERE pg_catalog.pg_type.typname = $1::VARCHAR AND pg_catalog.pg_type_is_visible(pg_catalog.pg_type.oid) AND pg_catalog.pg_namespace.nspname != $2::VARCHAR
[2026-08-31 14:26:40,786] INFO in base: [cached since 59.39s ago] ('currency_enum', 'pg_catalog')
[2026-08-31 14:26:40,790] INFO in base: DROP TYPE currency_enum
[2026-08-31 14:26:40,791] INFO in base: [no key 0.00115s] ()
[2026-08-31 14:26:41,858] INFO in base: COMMIT
[2026-08-31 14:28:50,475] INFO in base: select pg_catalog.version()
[2026-08-31 14:28:50,476] INFO in base: [raw sql] ()
[2026-08-31 14:28:50,481] INFO in base: select current_schema()
[2026-08-31 14:28:50,481] INFO in base: [raw sql] ()
[2026-08-31 14:28:50,483] INFO in base: show standard_conforming_strings
[2026-08-31 14:28:50,484] INFO in base: [raw sql] ()
[2026-08-31 14:28:50,486] INFO in base: BEGIN (implicit)
[2026-08-31 14:28:50,495] INFO in base: SELECT pg_catalog.pg_class.relname 
FROM pg_catalog.pg_class JOIN pg_catalog.pg_namespace ON pg_catalog.pg_namespace.oid = pg_catalog.pg_class.relnamespace 
WHERE pg_catalog.pg_class.relname = $1::VARCHAR AND pg_catalog.pg_class.relkind = ANY (ARRAY[$2::VARCHAR, $3::VARCHAR, $4::VARCHAR, $5::VARCHAR, $6::VARCHAR]) AND pg_catalog.pg_table_is_visible(pg_catalog.pg_class.oid) AND pg_catalog.pg_namespace.nspname != $7::VARCHAR
[2026-08-31 14:28:50,495] INFO in base: [generated in 0.00078s] ('products', 'r', 'p', 'f', 'v', 'm', 'pg_catalog')
[2026-08-31 14:28:50,500] INFO in base: SELECT pg_catalog.pg_type.typname 
FROM pg_catalog.pg_type JOIN pg_catalog.pg_namespace ON pg_catalog.pg_namespace.oid = pg_catalog.pg_type.typnamespace 
WHERE pg_catalog.pg_type.typname = $1::VARCHAR AND pg_catalog.pg_type_is_visible(pg_catalog.pg_type.oid) AND pg_catalog.pg_namespace.nspname != $2::VARCHAR
[2026-08-31 14:28:50,500] INFO in base: [generated in 0.00028s] ('currency_enum', 'pg_catalog')
[2026-08-31 14:28:50,502] INFO in base: CREATE TYPE currency_enum AS ENUM ('USD', 'EUR', 'CAD')
[2026-08-31 14:28:50,502] INFO in base: [no key 0.00022s] ()
[2026-08-31 14:28:50,506] INFO in base: 
CREATE TABLE products (
	id SERIAL NOT NULL, 
	name VARCHAR(255) NOT NULL, 
	price NUMERIC(15, 2) NOT NULL, 
	currency currency_enum NOT NULL, 
	sku VARCHAR(100) NOT NULL, 
	quantity NUMERIC(18, 3) NOT NULL, 
	is_active BOOLEAN NOT NULL, 
	created_at TIMESTAMP WITHOUT TIME ZONE DEFAULT now() NOT NULL, 
	updated_at TIMESTAMP WITHOUT TIME ZONE DEFAULT now() NOT NULL, 
	PRIMARY KEY (id), 
	CONSTRAINT check_price_positive CHECK (price > 0), 
	CONSTRAINT check_quantity_non_negative CHECK (quantity >= 0), 
	UNIQUE (sku)
)


[2026-08-31 14:28:50,506] INFO in base: [no key 0.00016s] ()
[2026-08-31 14:28:50,510] INFO in base: COMMIT
[2026-08-31 14:28:50,541] INFO in products_api: Creating new product
[2026-08-31 14:28:50,548] INFO in base: BEGIN (implicit)
[2026-08-31 14:28:50,553] INFO in base: INSERT INTO products (name, price, currency, sku, quantity, is_active) VALUES ($1::VARCHAR, $2::NUMERIC(15, 2), $3::currency_enum, $4::VARCHAR, $5::NUMERIC(18, 3), $6::BOOLEAN) RETURNING products.id, products.created_at, products.updated_at
[2026-08-31 14:28:50,553] INFO in base: [generated in 0.00075s] ('Test Product', Decimal('-10.0'), 'USD', 'TESTSKU123', Decimal('10'), True)
[2026-08-31 14:28:50,565] INFO in base: ROLLBACK
[2026-08-31 14:28:50,567] ERROR in products_api: Error occurred while creating product: ('Invalid product data', '<class \'asyncpg.exceptions.CheckViolationError\'>: new row for relation "products" violates check constraint "check_price_positive"\nDETAIL:  Failing row contains (1, Test Product, -10.00, USD, TESTSKU123, 10.000, t, 2026-08-31 06:28:50.554248, 2026-08-31 06:28:50.554248).')
[2026-08-31 14:28:50,568] INFO in _client: HTTP Request: POST http://test/api/v1/products "HTTP/1.1 422 Unprocessable Content"
[2026-08-31 14:28:50,613] INFO in base: BEGIN (implicit)
[2026-08-31 14:28:50,613] INFO in base: SELECT pg_catalog.pg_class.relname 
FROM pg_catalog.pg_class JOIN pg_catalog.pg_namespace ON pg_catalog.pg_namespace.oid = pg_catalog.pg_class.relnamespace 
WHERE pg_catalog.pg_class.relname = $1::VARCHAR AND pg_catalog.pg_class.relkind = ANY (ARRAY[$2::VARCHAR, $3::VARCHAR, $4::VARCHAR, $5::VARCHAR, $6::VARCHAR]) AND pg_catalog.pg_table_is_visible(pg_catalog.pg_class.oid) AND pg_catalog.pg_namespace.nspname != $7::VARCHAR
[2026-08-31 14:28:50,613] INFO in base: [cached since 0.1191s ago] ('products', 'r', 'p', 'f', 'v', 'm', 'pg_catalog')
[2026-08-31 14:28:50,616] INFO in base: 
DROP TABLE products
[2026-08-31 14:28:50,616] INFO in base: [no key 0.00020s] ()
[2026-08-31 14:28:50,619] INFO in base: SELECT pg_catalog.pg_type.typname 
FROM pg_catalog.pg_type JOIN pg_catalog.pg_namespace ON pg_catalog.pg_namespace.oid = pg_catalog.pg_type.typnamespace 
WHERE pg_catalog.pg_type.typname = $1::VARCHAR AND pg_catalog.pg_type_is_visible(pg_catalog.pg_type.oid) AND pg_catalog.pg_namespace.nspname != $2::VARCHAR
[2026-08-31 14:28:50,619] INFO in base: [cached since 0.1197s ago] ('currency_enum', 'pg_catalog')
[2026-08-31 14:28:50,621] INFO in base: DROP TYPE currency_enum
[2026-08-31 14:28:50,621] INFO in base: [no key 0.00018s] ()
[2026-08-31 14:28:50,623] INFO in base: COMMIT
[2026-08-31 14:30:00,430] INFO in base: select pg_catalog.version()
[2026-08-31 14:30:00,431] INFO in base: [raw sql] ()
[2026-08-31 14:30:00,436] INFO in base: select current_schema()
[2026-08-31 14:30:00,437] INFO in base: [raw sql] ()
[2026-08-31 14:30:00,439] INFO in base: show standard_conforming_strings
[2026-08-31 14:30:00,439] INFO in base: [raw sql] ()
[2026-08-31 14:30:00,441] INFO in base: BEGIN (implicit)
[2026-08-31 14:30:00,450] INFO in base: SELECT pg_catalog.pg_class.relname 
FROM pg_catalog.pg_class JOIN pg_catalog.pg_namespace ON pg_catalog.pg_namespace.oid = pg_catalog.pg_class.relnamespace 
WHERE pg_catalog.pg_class.relname = $1::VARCHAR AND pg_catalog.pg_class.relkind = ANY (ARRAY[$2::VARCHAR, $3::VARCHAR, $4::VARCHAR, $5::VARCHAR, $6::VARCHAR]) AND pg_catalog.pg_table_is_visible(pg_catalog.pg_class.oid) AND pg_catalog.pg_namespace.nspname != $7::VARCHAR
[2026-08-31 14:30:00,450] INFO in base: [generated in 0.00071s] ('products', 'r', 'p', 'f', 'v', 'm', 'pg_catalog')
[2026-08-31 14:30:00,455] INFO in base: SELECT pg_catalog.pg_type.typname 
FROM pg_catalog.pg_type JOIN pg_catalog.pg_namespace ON pg_catalog.pg_namespace.oid = pg_catalog.pg_type.typnamespace 
WHERE pg_catalog.pg_type.typname = $1::VARCHAR AND pg_catalog.pg_type_is_visible(pg_catalog.pg_type.oid) AND pg_catalog.pg_namespace.nspname != $2::VARCHAR
[2026-08-31 14:30:00,455] INFO in base: [generated in 0.00026s] ('currency_enum', 'pg_catalog')
[2026-08-31 14:30:00,457] INFO in base: CREATE TYPE currency_enum AS ENUM ('USD', 'EUR', 'CAD')
[2026-08-31 14:30:00,457] INFO in base: [no key 0.00026s] ()
[2026-08-31 14:30:00,461] INFO in base: 
CREATE TABLE products (
	id SERIAL NOT NULL, 
	name VARCHAR(255) NOT NULL, 
	price NUMERIC(15, 2) NOT NULL, 
	currency currency_enum NOT NULL, 
	sku VARCHAR(100) NOT NULL, 
	quantity NUMERIC(18, 3) NOT NULL, 
	is_active BOOLEAN NOT NULL, 
	created_at TIMESTAMP WITHOUT TIME ZONE DEFAULT now() NOT NULL, 
	updated_at TIMESTAMP WITHOUT TIME ZONE DEFAULT now() NOT NULL, 
	PRIMARY KEY (id), 
	CONSTRAINT check_price_positive CHECK (price > 0), 
	CONSTRAINT check_quantity_non_negative CHECK (quantity >= 0), 
	UNIQUE (sku)
)


[2026-08-31 14:30:00,461] INFO in base: [no key 0.00018s] ()
[2026-08-31 14:30:00,465] INFO in base: COMMIT
[2026-08-31 14:30:00,496] INFO in products_api: Creating new product
[2026-08-31 14:30:00,504] INFO in base: BEGIN (implicit)
[2026-08-31 14:30:00,509] INFO in base: INSERT INTO products (name, price, currency, sku, quantity, is_active) VALUES ($1::VARCHAR, $2::NUMERIC(15, 2), $3::currency_enum, $4::VARCHAR, $5::NUMERIC(18, 3), $6::BOOLEAN) RETURNING products.id, products.created_at, products.updated_at
[2026-08-31 14:30:00,509] INFO in base: [generated in 0.00094s] ('Test Product', Decimal('-10.0'), 'USD', 'TESTSKU123', Decimal('10'), True)
[2026-08-31 14:30:00,521] INFO in base: ROLLBACK
[2026-08-31 14:30:00,522] ERROR in products_api: Error occurred while creating product: ('Invalid product data', '<class \'asyncpg.exceptions.CheckViolationError\'>: new row for relation "products" violates check constraint "check_price_positive"\nDETAIL:  Failing row contains (1, Test Product, -10.00, USD, TESTSKU123, 10.000, t, 2026-08-31 06:30:00.510492, 2026-08-31 06:30:00.510492).')
[2026-08-31 14:30:00,523] INFO in _client: HTTP Request: POST http://test/api/v1/products "HTTP/1.1 422 Unprocessable Content"
[2026-08-31 14:31:55,370] INFO in base: select pg_catalog.version()
[2026-08-31 14:31:55,370] INFO in base: [raw sql] ()
[2026-08-31 14:31:55,372] INFO in base: select current_schema()
[2026-08-31 14:31:55,372] INFO in base: [raw sql] ()
[2026-08-31 14:31:55,373] INFO in base: show standard_conforming_strings
[2026-08-31 14:31:55,373] INFO in base: [raw sql] ()
[2026-08-31 14:31:55,374] INFO in base: BEGIN (implicit)
[2026-08-31 14:31:55,378] INFO in base: SELECT pg_catalog.pg_class.relname 
FROM pg_catalog.pg_class JOIN pg_catalog.pg_namespace ON pg_catalog.pg_namespace.oid = pg_catalog.pg_class.relnamespace 
WHERE pg_catalog.pg_class.relname = $1::VARCHAR AND pg_catalog.pg_class.relkind = ANY (ARRAY[$2::VARCHAR, $3::VARCHAR, $4::VARCHAR, $5::VARCHAR, $6::VARCHAR]) AND pg_catalog.pg_table_is_visible(pg_catalog.pg_class.oid) AND pg_catalog.pg_namespace.nspname != $7::VARCHAR
[2026-08-31 14:31:55,378] INFO in base: [generated in 0.00026s] ('products', 'r', 'p', 'f', 'v', 'm', 'pg_catalog')
[2026-08-31 14:31:55,382] INFO in base: SELECT pg_catalog.pg_type.typname 
FROM pg_catalog.pg_type JOIN pg_catalog.pg_namespace ON pg_catalog.pg_namespace.oid = pg_catalog.pg_type.typnamespace 
WHERE pg_catalog.pg_type.typname = $1::VARCHAR AND pg_catalog.pg_type_is_visible(pg_catalog.pg_type.oid) AND pg_catalog.pg_namespace.nspname != $2::VARCHAR
[2026-08-31 14:31:55,382] INFO in base: [generated in 0.00025s] ('currency_enum', 'pg_catalog')
[2026-08-31 14:31:55,383] INFO in base: COMMIT
[2026-08-31 14:31:55,390] INFO in products_api: Creating new product
[2026-08-31 14:31:55,391] INFO in base: BEGIN (implicit)
[2026-08-31 14:31:55,393] INFO in base: INSERT INTO products (name, price, currency, sku, quantity, is_active) VALUES ($1::VARCHAR, $2::NUMERIC(15, 2), $3::currency_enum, $4::VARCHAR, $5::NUMERIC(18, 3), $6::BOOLEAN) RETURNING products.id, products.created_at, products.updated_at
[2026-08-31 14:31:55,393] INFO in base: [generated in 0.00026s] ('Test Product', Decimal('19.99'), 'USD', 'TESTSKU123', Decimal('10'), True)
[2026-08-31 14:31:55,403] INFO in base: COMMIT
[2026-08-31 14:31:55,405] INFO in _client: HTTP Request: POST http://test/api/v1/products "HTTP/1.1 201 Created"
[2026-08-31 14:31:55,406] INFO in base: BEGIN (implicit)
[2026-08-31 14:31:55,406] INFO in base: SELECT pg_catalog.pg_class.relname 
FROM pg_catalog.pg_class JOIN pg_catalog.pg_namespace ON pg_catalog.pg_namespace.oid = pg_catalog.pg_class.relnamespace 
WHERE pg_catalog.pg_class.relname = $1::VARCHAR AND pg_catalog.pg_class.relkind = ANY (ARRAY[$2::VARCHAR, $3::VARCHAR, $4::VARCHAR, $5::VARCHAR, $6::VARCHAR]) AND pg_catalog.pg_table_is_visible(pg_catalog.pg_class.oid) AND pg_catalog.pg_namespace.nspname != $7::VARCHAR
[2026-08-31 14:31:55,406] INFO in base: [cached since 0.02884s ago] ('products', 'r', 'p', 'f', 'v', 'm', 'pg_catalog')
[2026-08-31 14:31:55,407] INFO in base: 
DROP TABLE products
[2026-08-31 14:31:55,408] INFO in base: [no key 0.00016s] ()
[2026-08-31 14:31:55,410] INFO in base: SELECT pg_catalog.pg_type.typname 
FROM pg_catalog.pg_type JOIN pg_catalog.pg_namespace ON pg_catalog.pg_namespace.oid = pg_catalog.pg_type.typnamespace 
WHERE pg_catalog.pg_type.typname = $1::VARCHAR AND pg_catalog.pg_type_is_visible(pg_catalog.pg_type.oid) AND pg_catalog.pg_namespace.nspname != $2::VARCHAR
[2026-08-31 14:31:55,411] INFO in base: [cached since 0.02905s ago] ('currency_enum', 'pg_catalog')
[2026-08-31 14:31:55,412] INFO in base: DROP TYPE currency_enum
[2026-08-31 14:31:55,412] INFO in base: [no key 0.00036s] ()
[2026-08-31 14:31:55,413] INFO in base: COMMIT
[2026-08-31 14:31:55,416] INFO in base: BEGIN (implicit)
[2026-08-31 14:31:55,416] INFO in base: SELECT pg_catalog.pg_class.relname 
FROM pg_catalog.pg_class JOIN pg_catalog.pg_namespace ON pg_catalog.pg_namespace.oid = pg_catalog.pg_class.relnamespace 
WHERE pg_catalog.pg_class.relname = $1::VARCHAR AND pg_catalog.pg_class.relkind = ANY (ARRAY[$2::VARCHAR, $3::VARCHAR, $4::VARCHAR, $5::VARCHAR, $6::VARCHAR]) AND pg_catalog.pg_table_is_visible(pg_catalog.pg_class.oid) AND pg_catalog.pg_namespace.nspname != $7::VARCHAR
[2026-08-31 14:31:55,417] INFO in base: [cached since 0.03916s ago] ('products', 'r', 'p', 'f', 'v', 'm', 'pg_catalog')
[2026-08-31 14:31:55,419] INFO in base: SELECT pg_catalog.pg_type.typname 
FROM pg_catalog.pg_type JOIN pg_catalog.pg_namespace ON pg_catalog.pg_namespace.oid = pg_catalog.pg_type.typnamespace 
WHERE pg_catalog.pg_type.typname = $1::VARCHAR AND pg_catalog.pg_type_is_visible(pg_catalog.pg_type.oid) AND pg_catalog.pg_namespace.nspname != $2::VARCHAR
[2026-08-31 14:31:55,419] INFO in base: [cached since 0.03715s ago] ('currency_enum', 'pg_catalog')
[2026-08-31 14:31:55,420] INFO in base: CREATE TYPE currency_enum AS ENUM ('USD', 'EUR', 'CAD')
[2026-08-31 14:31:55,421] INFO in base: [no key 0.00023s] ()
[2026-08-31 14:31:55,422] INFO in base: 
CREATE TABLE products (
	id SERIAL NOT NULL, 
	name VARCHAR(255) NOT NULL, 
	price NUMERIC(15, 2) NOT NULL, 
	currency currency_enum NOT NULL, 
	sku VARCHAR(100) NOT NULL, 
	quantity NUMERIC(18, 3) NOT NULL, 
	is_active BOOLEAN NOT NULL, 
	created_at TIMESTAMP WITHOUT TIME ZONE DEFAULT now() NOT NULL, 
	updated_at TIMESTAMP WITHOUT TIME ZONE DEFAULT now() NOT NULL, 
	PRIMARY KEY (id), 
	CONSTRAINT check_price_positive CHECK (price > 0), 
	CONSTRAINT check_quantity_non_negative CHECK (quantity >= 0), 
	UNIQUE (sku)
)


[2026-08-31 14:31:55,422] INFO in base: [no key 0.00017s] ()
[2026-08-31 14:31:55,425] INFO in base: COMMIT
[2026-08-31 14:31:55,428] INFO in products_api: Creating new product
[2026-08-31 14:31:55,429] INFO in base: BEGIN (implicit)
[2026-08-31 14:31:55,429] INFO in base: INSERT INTO products (name, price, currency, sku, quantity, is_active) VALUES ($1::VARCHAR, $2::NUMERIC(15, 2), $3::currency_enum, $4::VARCHAR, $5::NUMERIC(18, 3), $6::BOOLEAN) RETURNING products.id, products.created_at, products.updated_at
[2026-08-31 14:31:55,429] INFO in base: [cached since 0.03602s ago] ('Test Product', Decimal('19.99'), 'USD', 'TESTSKU123', Decimal('10'), True)
[2026-08-31 14:31:55,436] INFO in base: COMMIT
[2026-08-31 14:31:55,438] INFO in _client: HTTP Request: POST http://test/api/v1/products "HTTP/1.1 201 Created"
[2026-08-31 14:31:55,439] INFO in products_api: Fetching product with ID: 1
[2026-08-31 14:31:55,440] INFO in base: BEGIN (implicit)
[2026-08-31 14:31:55,441] INFO in base: SELECT products.id AS products_id, products.name AS products_name, products.price AS products_price, products.currency AS products_currency, products.sku AS products_sku, products.quantity AS products_quantity, products.is_active AS products_is_active, products.created_at AS products_created_at, products.updated_at AS products_updated_at 
FROM products 
WHERE products.id = $1::INTEGER
[2026-08-31 14:31:55,441] INFO in base: [generated in 0.00021s] (1,)
[2026-08-31 14:31:55,443] INFO in base: ROLLBACK
[2026-08-31 14:31:55,443] INFO in _client: HTTP Request: GET http://test/api/v1/products/1 "HTTP/1.1 200 OK"
[2026-08-31 14:31:55,444] INFO in base: BEGIN (implicit)
[2026-08-31 14:31:55,445] INFO in base: SELECT pg_catalog.pg_class.relname 
FROM pg_catalog.pg_class JOIN pg_catalog.pg_namespace ON pg_catalog.pg_namespace.oid = pg_catalog.pg_class.relnamespace 
WHERE pg_catalog.pg_class.relname = $1::VARCHAR AND pg_catalog.pg_class.relkind = ANY (ARRAY[$2::VARCHAR, $3::VARCHAR, $4::VARCHAR, $5::VARCHAR, $6::VARCHAR]) AND pg_catalog.pg_table_is_visible(pg_catalog.pg_class.oid) AND pg_catalog.pg_namespace.nspname != $7::VARCHAR
[2026-08-31 14:31:55,445] INFO in base: [cached since 0.06722s ago] ('products', 'r', 'p', 'f', 'v', 'm', 'pg_catalog')
[2026-08-31 14:31:55,446] INFO in base: 
DROP TABLE products
[2026-08-31 14:31:55,446] INFO in base: [no key 0.00016s] ()
[2026-08-31 14:31:55,448] INFO in base: SELECT pg_catalog.pg_type.typname 
FROM pg_catalog.pg_type JOIN pg_catalog.pg_namespace ON pg_catalog.pg_namespace.oid = pg_catalog.pg_type.typnamespace 
WHERE pg_catalog.pg_type.typname = $1::VARCHAR AND pg_catalog.pg_type_is_visible(pg_catalog.pg_type.oid) AND pg_catalog.pg_namespace.nspname != $2::VARCHAR
[2026-08-31 14:31:55,448] INFO in base: [cached since 0.06662s ago] ('currency_enum', 'pg_catalog')
[2026-08-31 14:31:55,449] INFO in base: DROP TYPE currency_enum
[2026-08-31 14:31:55,450] INFO in base: [no key 0.00017s] ()
[2026-08-31 14:31:55,451] INFO in base: COMMIT
[2026-08-31 14:31:55,453] INFO in base: BEGIN (implicit)
[2026-08-31 14:31:55,453] INFO in base: SELECT pg_catalog.pg_class.relname 
FROM pg_catalog.pg_class JOIN pg_catalog.pg_namespace ON pg_catalog.pg_namespace.oid = pg_catalog.pg_class.relnamespace 
WHERE pg_catalog.pg_class.relname = $1::VARCHAR AND pg_catalog.pg_class.relkind = ANY (ARRAY[$2::VARCHAR, $3::VARCHAR, $4::VARCHAR, $5::VARCHAR, $6::VARCHAR]) AND pg_catalog.pg_table_is_visible(pg_catalog.pg_class.oid) AND pg_catalog.pg_namespace.nspname != $7::VARCHAR
[2026-08-31 14:31:55,453] INFO in base: [cached since 0.07588s ago] ('products', 'r', 'p', 'f', 'v', 'm', 'pg_catalog')
[2026-08-31 14:31:55,455] INFO in base: SELECT pg_catalog.pg_type.typname 
FROM pg_catalog.pg_type JOIN pg_catalog.pg_namespace ON pg_catalog.pg_namespace.oid = pg_catalog.pg_type.typnamespace 
WHERE pg_catalog.pg_type.typname = $1::VARCHAR AND pg_catalog.pg_type_is_visible(pg_catalog.pg_type.oid) AND pg_catalog.pg_namespace.nspname != $2::VARCHAR
[2026-08-31 14:31:55,455] INFO in base: [cached since 0.0736s ago] ('currency_enum', 'pg_catalog')
[2026-08-31 14:31:55,457] INFO in base: CREATE TYPE currency_enum AS ENUM ('USD', 'EUR', 'CAD')
[2026-08-31 14:31:55,457] INFO in base: [no key 0.00020s] ()
[2026-08-31 14:31:55,458] INFO in base: 
CREATE TABLE products (
	id SERIAL NOT NULL, 
	name VARCHAR(255) NOT NULL, 
	price NUMERIC(15, 2) NOT NULL, 
	currency currency_enum NOT NULL, 
	sku VARCHAR(100) NOT NULL, 
	quantity NUMERIC(18, 3) NOT NULL, 
	is_active BOOLEAN NOT NULL, 
	created_at TIMESTAMP WITHOUT TIME ZONE DEFAULT now() NOT NULL, 
	updated_at TIMESTAMP WITHOUT TIME ZONE DEFAULT now() NOT NULL, 
	PRIMARY KEY (id), 
	CONSTRAINT check_price_positive CHECK (price > 0), 
	CONSTRAINT check_quantity_non_negative CHECK (quantity >= 0), 
	UNIQUE (sku)
)


[2026-08-31 14:31:55,458] INFO in base: [no key 0.00019s] ()
[2026-08-31 14:31:55,461] INFO in base: COMMIT
[2026-08-31 14:31:55,464] INFO in products_api: Fetching product with ID: 999999
[2026-08-31 14:31:55,464] INFO in base: BEGIN (implicit)
[2026-08-31 14:31:55,465] INFO in base: SELECT products.id AS products_id, products.name AS products_name, products.price AS products_price, products.currency AS products_currency, products.sku AS products_sku, products.quantity AS products_quantity, products.is_active AS products_is_active, products.created_at AS products_created_at, products.updated_at AS products_updated_at 
FROM products 
WHERE products.id = $1::INTEGER
[2026-08-31 14:31:55,465] INFO in base: [cached since 0.02383s ago] (999999,)
[2026-08-31 14:31:55,471] ERROR in products_api: Error occurred while fetching product: Product not found
[2026-08-31 14:31:55,471] INFO in base: ROLLBACK
[2026-08-31 14:31:55,472] INFO in _client: HTTP Request: GET http://test/api/v1/products/999999 "HTTP/1.1 404 Not Found"
[2026-08-31 14:31:55,473] INFO in base: BEGIN (implicit)
[2026-08-31 14:31:55,473] INFO in base: SELECT pg_catalog.pg_class.relname 
FROM pg_catalog.pg_class JOIN pg_catalog.pg_namespace ON pg_catalog.pg_namespace.oid = pg_catalog.pg_class.relnamespace 
WHERE pg_catalog.pg_class.relname = $1::VARCHAR AND pg_catalog.pg_class.relkind = ANY (ARRAY[$2::VARCHAR, $3::VARCHAR, $4::VARCHAR, $5::VARCHAR, $6::VARCHAR]) AND pg_catalog.pg_table_is_visible(pg_catalog.pg_class.oid) AND pg_catalog.pg_namespace.nspname != $7::VARCHAR
[2026-08-31 14:31:55,473] INFO in base: [cached since 0.09544s ago] ('products', 'r', 'p', 'f', 'v', 'm', 'pg_catalog')
[2026-08-31 14:31:55,474] INFO in base: 
DROP TABLE products
[2026-08-31 14:31:55,475] INFO in base: [no key 0.00017s] ()
[2026-08-31 14:31:55,476] INFO in base: SELECT pg_catalog.pg_type.typname 
FROM pg_catalog.pg_type JOIN pg_catalog.pg_namespace ON pg_catalog.pg_namespace.oid = pg_catalog.pg_type.typnamespace 
WHERE pg_catalog.pg_type.typname = $1::VARCHAR AND pg_catalog.pg_type_is_visible(pg_catalog.pg_type.oid) AND pg_catalog.pg_namespace.nspname != $2::VARCHAR
[2026-08-31 14:31:55,476] INFO in base: [cached since 0.09488s ago] ('currency_enum', 'pg_catalog')
[2026-08-31 14:31:55,478] INFO in base: DROP TYPE currency_enum
[2026-08-31 14:31:55,478] INFO in base: [no key 0.00014s] ()
[2026-08-31 14:31:55,479] INFO in base: COMMIT
[2026-08-31 14:31:55,481] INFO in base: BEGIN (implicit)
[2026-08-31 14:31:55,481] INFO in base: SELECT pg_catalog.pg_class.relname 
FROM pg_catalog.pg_class JOIN pg_catalog.pg_namespace ON pg_catalog.pg_namespace.oid = pg_catalog.pg_class.relnamespace 
WHERE pg_catalog.pg_class.relname = $1::VARCHAR AND pg_catalog.pg_class.relkind = ANY (ARRAY[$2::VARCHAR, $3::VARCHAR, $4::VARCHAR, $5::VARCHAR, $6::VARCHAR]) AND pg_catalog.pg_table_is_visible(pg_catalog.pg_class.oid) AND pg_catalog.pg_namespace.nspname != $7::VARCHAR
[2026-08-31 14:31:55,481] INFO in base: [cached since 0.1039s ago] ('products', 'r', 'p', 'f', 'v', 'm', 'pg_catalog')
[2026-08-31 14:31:55,483] INFO in base: SELECT pg_catalog.pg_type.typname 
FROM pg_catalog.pg_type JOIN pg_catalog.pg_namespace ON pg_catalog.pg_namespace.oid = pg_catalog.pg_type.typnamespace 
WHERE pg_catalog.pg_type.typname = $1::VARCHAR AND pg_catalog.pg_type_is_visible(pg_catalog.pg_type.oid) AND pg_catalog.pg_namespace.nspname != $2::VARCHAR
[2026-08-31 14:31:55,483] INFO in base: [cached since 0.1018s ago] ('currency_enum', 'pg_catalog')
[2026-08-31 14:31:55,485] INFO in base: CREATE TYPE currency_enum AS ENUM ('USD', 'EUR', 'CAD')
[2026-08-31 14:31:55,485] INFO in base: [no key 0.00020s] ()
[2026-08-31 14:31:55,487] INFO in base: 
CREATE TABLE products (
	id SERIAL NOT NULL, 
	name VARCHAR(255) NOT NULL, 
	price NUMERIC(15, 2) NOT NULL, 
	currency currency_enum NOT NULL, 
	sku VARCHAR(100) NOT NULL, 
	quantity NUMERIC(18, 3) NOT NULL, 
	is_active BOOLEAN NOT NULL, 
	created_at TIMESTAMP WITHOUT TIME ZONE DEFAULT now() NOT NULL, 
	updated_at TIMESTAMP WITHOUT TIME ZONE DEFAULT now() NOT NULL, 
	PRIMARY KEY (id), 
	CONSTRAINT check_price_positive CHECK (price > 0), 
	CONSTRAINT check_quantity_non_negative CHECK (quantity >= 0), 
	UNIQUE (sku)
)


[2026-08-31 14:31:55,487] INFO in base: [no key 0.00016s] ()
[2026-08-31 14:31:55,489] INFO in base: COMMIT
[2026-08-31 14:31:55,492] INFO in products_api: Creating new product
[2026-08-31 14:31:55,493] INFO in base: BEGIN (implicit)
[2026-08-31 14:31:55,493] INFO in base: INSERT INTO products (name, price, currency, sku, quantity, is_active) VALUES ($1::VARCHAR, $2::NUMERIC(15, 2), $3::currency_enum, $4::VARCHAR, $5::NUMERIC(18, 3), $6::BOOLEAN) RETURNING products.id, products.created_at, products.updated_at
[2026-08-31 14:31:55,493] INFO in base: [cached since 0.09986s ago] ('Test Product', Decimal('19.99'), 'USD', 'TESTSKU123', Decimal('10'), True)
[2026-08-31 14:31:55,501] INFO in base: COMMIT
[2026-08-31 14:31:55,502] INFO in _client: HTTP Request: POST http://test/api/v1/products "HTTP/1.1 201 Created"
[2026-08-31 14:31:55,504] INFO in products_api: Deleting product with ID: 1
[2026-08-31 14:31:55,504] INFO in base: BEGIN (implicit)
[2026-08-31 14:31:55,504] INFO in base: SELECT products.id AS products_id, products.name AS products_name, products.price AS products_price, products.currency AS products_currency, products.sku AS products_sku, products.quantity AS products_quantity, products.is_active AS products_is_active, products.created_at AS products_created_at, products.updated_at AS products_updated_at 
FROM products 
WHERE products.id = $1::INTEGER
[2026-08-31 14:31:55,504] INFO in base: [cached since 0.06332s ago] (1,)
[2026-08-31 14:31:55,507] INFO in base: UPDATE products SET is_active=$1::BOOLEAN, updated_at=now() WHERE products.id = $2::INTEGER
[2026-08-31 14:31:55,507] INFO in base: [generated in 0.00022s] (False, 1)
[2026-08-31 14:31:55,508] INFO in base: COMMIT
[2026-08-31 14:31:55,509] INFO in _client: HTTP Request: DELETE http://test/api/v1/products/1 "HTTP/1.1 204 No Content"
[2026-08-31 14:31:55,510] INFO in products_api: Fetching product with ID: 1
[2026-08-31 14:31:55,511] INFO in base: BEGIN (implicit)
[2026-08-31 14:31:55,511] INFO in base: SELECT products.id AS products_id, products.name AS products_name, products.price AS products_price, products.currency AS products_currency, products.sku AS products_sku, products.quantity AS products_quantity, products.is_active AS products_is_active, products.created_at AS products_created_at, products.updated_at AS products_updated_at 
FROM products 
WHERE products.id = $1::INTEGER
[2026-08-31 14:31:55,511] INFO in base: [cached since 0.07012s ago] (1,)
[2026-08-31 14:31:55,512] ERROR in products_api: Error occurred while fetching product: Product not found
[2026-08-31 14:31:55,512] INFO in base: ROLLBACK
[2026-08-31 14:31:55,513] INFO in _client: HTTP Request: GET http://test/api/v1/products/1 "HTTP/1.1 404 Not Found"
[2026-08-31 14:31:55,513] INFO in base: BEGIN (implicit)
[2026-08-31 14:31:55,514] INFO in base: SELECT pg_catalog.pg_class.relname 
FROM pg_catalog.pg_class JOIN pg_catalog.pg_namespace ON pg_catalog.pg_namespace.oid = pg_catalog.pg_class.relnamespace 
WHERE pg_catalog.pg_class.relname = $1::VARCHAR AND pg_catalog.pg_class.relkind = ANY (ARRAY[$2::VARCHAR, $3::VARCHAR, $4::VARCHAR, $5::VARCHAR, $6::VARCHAR]) AND pg_catalog.pg_table_is_visible(pg_catalog.pg_class.oid) AND pg_catalog.pg_namespace.nspname != $7::VARCHAR
[2026-08-31 14:31:55,514] INFO in base: [cached since 0.1363s ago] ('products', 'r', 'p', 'f', 'v', 'm', 'pg_catalog')
[2026-08-31 14:31:55,515] INFO in base: 
DROP TABLE products
[2026-08-31 14:31:55,515] INFO in base: [no key 0.00015s] ()
[2026-08-31 14:31:55,518] INFO in base: SELECT pg_catalog.pg_type.typname 
FROM pg_catalog.pg_type JOIN pg_catalog.pg_namespace ON pg_catalog.pg_namespace.oid = pg_catalog.pg_type.typnamespace 
WHERE pg_catalog.pg_type.typname = $1::VARCHAR AND pg_catalog.pg_type_is_visible(pg_catalog.pg_type.oid) AND pg_catalog.pg_namespace.nspname != $2::VARCHAR
[2026-08-31 14:31:55,518] INFO in base: [cached since 0.1361s ago] ('currency_enum', 'pg_catalog')
[2026-08-31 14:31:55,519] INFO in base: DROP TYPE currency_enum
[2026-08-31 14:31:55,519] INFO in base: [no key 0.00019s] ()
[2026-08-31 14:31:55,520] INFO in base: COMMIT
[2026-08-31 14:31:55,522] INFO in base: BEGIN (implicit)
[2026-08-31 14:31:55,523] INFO in base: SELECT pg_catalog.pg_class.relname 
FROM pg_catalog.pg_class JOIN pg_catalog.pg_namespace ON pg_catalog.pg_namespace.oid = pg_catalog.pg_class.relnamespace 
WHERE pg_catalog.pg_class.relname = $1::VARCHAR AND pg_catalog.pg_class.relkind = ANY (ARRAY[$2::VARCHAR, $3::VARCHAR, $4::VARCHAR, $5::VARCHAR, $6::VARCHAR]) AND pg_catalog.pg_table_is_visible(pg_catalog.pg_class.oid) AND pg_catalog.pg_namespace.nspname != $7::VARCHAR
[2026-08-31 14:31:55,523] INFO in base: [cached since 0.1454s ago] ('products', 'r', 'p', 'f', 'v', 'm', 'pg_catalog')
[2026-08-31 14:31:55,525] INFO in base: SELECT pg_catalog.pg_type.typname 
FROM pg_catalog.pg_type JOIN pg_catalog.pg_namespace ON pg_catalog.pg_namespace.oid = pg_catalog.pg_type.typnamespace 
WHERE pg_catalog.pg_type.typname = $1::VARCHAR AND pg_catalog.pg_type_is_visible(pg_catalog.pg_type.oid) AND pg_catalog.pg_namespace.nspname != $2::VARCHAR
[2026-08-31 14:31:55,525] INFO in base: [cached since 0.1437s ago] ('currency_enum', 'pg_catalog')
[2026-08-31 14:31:55,527] INFO in base: CREATE TYPE currency_enum AS ENUM ('USD', 'EUR', 'CAD')
[2026-08-31 14:31:55,527] INFO in base: [no key 0.00019s] ()
[2026-08-31 14:31:55,529] INFO in base: 
CREATE TABLE products (
	id SERIAL NOT NULL, 
	name VARCHAR(255) NOT NULL, 
	price NUMERIC(15, 2) NOT NULL, 
	currency currency_enum NOT NULL, 
	sku VARCHAR(100) NOT NULL, 
	quantity NUMERIC(18, 3) NOT NULL, 
	is_active BOOLEAN NOT NULL, 
	created_at TIMESTAMP WITHOUT TIME ZONE DEFAULT now() NOT NULL, 
	updated_at TIMESTAMP WITHOUT TIME ZONE DEFAULT now() NOT NULL, 
	PRIMARY KEY (id), 
	CONSTRAINT check_price_positive CHECK (price > 0), 
	CONSTRAINT check_quantity_non_negative CHECK (quantity >= 0), 
	UNIQUE (sku)
)


[2026-08-31 14:31:55,529] INFO in base: [no key 0.00018s] ()
[2026-08-31 14:31:55,531] INFO in base: COMMIT
[2026-08-31 14:31:55,534] INFO in products_api: Creating new product
[2026-08-31 14:31:55,534] INFO in base: BEGIN (implicit)
[2026-08-31 14:31:55,535] INFO in base: INSERT INTO products (name, price, currency, sku, quantity, is_active) VALUES ($1::VARCHAR, $2::NUMERIC(15, 2), $3::currency_enum, $4::VARCHAR, $5::NUMERIC(18, 3), $6::BOOLEAN) RETURNING products.id, products.created_at, products.updated_at
[2026-08-31 14:31:55,535] INFO in base: [cached since 0.1415s ago] ('Test Product', Decimal('19.99'), 'USD', 'TESTSKU123', Decimal('10'), True)
[2026-08-31 14:31:55,541] INFO in base: COMMIT
[2026-08-31 14:31:55,543] INFO in _client: HTTP Request: POST http://test/api/v1/products "HTTP/1.1 201 Created"
[2026-08-31 14:31:55,544] INFO in products_api: Updating product with ID: 1
[2026-08-31 14:31:55,544] INFO in base: BEGIN (implicit)
[2026-08-31 14:31:55,545] INFO in base: SELECT products.id AS products_id, products.name AS products_name, products.price AS products_price, products.currency AS products_currency, products.sku AS products_sku, products.quantity AS products_quantity, products.is_active AS products_is_active, products.created_at AS products_created_at, products.updated_at AS products_updated_at 
FROM products 
WHERE products.id = $1::INTEGER
[2026-08-31 14:31:55,545] INFO in base: [cached since 0.1038s ago] (1,)
[2026-08-31 14:31:55,547] INFO in base: UPDATE products SET price=$1::NUMERIC(15, 2), updated_at=now() WHERE products.id = $2::INTEGER
[2026-08-31 14:31:55,547] INFO in base: [generated in 0.00021s] (Decimal('29.99'), 1)
[2026-08-31 14:31:55,548] INFO in base: COMMIT
[2026-08-31 14:31:55,549] INFO in _client: HTTP Request: PUT http://test/api/v1/products/1 "HTTP/1.1 200 OK"
[2026-08-31 14:31:55,550] INFO in products_api: Fetching product with ID: 1
[2026-08-31 14:31:55,551] INFO in base: BEGIN (implicit)
[2026-08-31 14:31:55,551] INFO in base: SELECT products.id AS products_id, products.name AS products_name, products.price AS products_price, products.currency AS products_currency, products.sku AS products_sku, products.quantity AS products_quantity, products.is_active AS products_is_active, products.created_at AS products_created_at, products.updated_at AS products_updated_at 
FROM products 
WHERE products.id = $1::INTEGER
[2026-08-31 14:31:55,551] INFO in base: [cached since 0.11s ago] (1,)
[2026-08-31 14:31:55,552] INFO in base: ROLLBACK
[2026-08-31 14:31:55,553] INFO in _client: HTTP Request: GET http://test/api/v1/products/1 "HTTP/1.1 200 OK"
[2026-08-31 14:31:55,553] INFO in base: BEGIN (implicit)
[2026-08-31 14:31:55,554] INFO in base: SELECT pg_catalog.pg_class.relname 
FROM pg_catalog.pg_class JOIN pg_catalog.pg_namespace ON pg_catalog.pg_namespace.oid = pg_catalog.pg_class.relnamespace 
WHERE pg_catalog.pg_class.relname = $1::VARCHAR AND pg_catalog.pg_class.relkind = ANY (ARRAY[$2::VARCHAR, $3::VARCHAR, $4::VARCHAR, $5::VARCHAR, $6::VARCHAR]) AND pg_catalog.pg_table_is_visible(pg_catalog.pg_class.oid) AND pg_catalog.pg_namespace.nspname != $7::VARCHAR
[2026-08-31 14:31:55,554] INFO in base: [cached since 0.1763s ago] ('products', 'r', 'p', 'f', 'v', 'm', 'pg_catalog')
[2026-08-31 14:31:55,555] INFO in base: 
DROP TABLE products
[2026-08-31 14:31:55,555] INFO in base: [no key 0.00015s] ()
[2026-08-31 14:31:55,557] INFO in base: SELECT pg_catalog.pg_type.typname 
FROM pg_catalog.pg_type JOIN pg_catalog.pg_namespace ON pg_catalog.pg_namespace.oid = pg_catalog.pg_type.typnamespace 
WHERE pg_catalog.pg_type.typname = $1::VARCHAR AND pg_catalog.pg_type_is_visible(pg_catalog.pg_type.oid) AND pg_catalog.pg_namespace.nspname != $2::VARCHAR
[2026-08-31 14:31:55,557] INFO in base: [cached since 0.1755s ago] ('currency_enum', 'pg_catalog')
[2026-08-31 14:31:55,558] INFO in base: DROP TYPE currency_enum
[2026-08-31 14:31:55,558] INFO in base: [no key 0.00016s] ()
[2026-08-31 14:31:55,559] INFO in base: COMMIT
[2026-08-31 14:31:55,561] INFO in base: BEGIN (implicit)
[2026-08-31 14:31:55,561] INFO in base: SELECT pg_catalog.pg_class.relname 
FROM pg_catalog.pg_class JOIN pg_catalog.pg_namespace ON pg_catalog.pg_namespace.oid = pg_catalog.pg_class.relnamespace 
WHERE pg_catalog.pg_class.relname = $1::VARCHAR AND pg_catalog.pg_class.relkind = ANY (ARRAY[$2::VARCHAR, $3::VARCHAR, $4::VARCHAR, $5::VARCHAR, $6::VARCHAR]) AND pg_catalog.pg_table_is_visible(pg_catalog.pg_class.oid) AND pg_catalog.pg_namespace.nspname != $7::VARCHAR
[2026-08-31 14:31:55,562] INFO in base: [cached since 0.1841s ago] ('products', 'r', 'p', 'f', 'v', 'm', 'pg_catalog')
[2026-08-31 14:31:55,563] INFO in base: SELECT pg_catalog.pg_type.typname 
FROM pg_catalog.pg_type JOIN pg_catalog.pg_namespace ON pg_catalog.pg_namespace.oid = pg_catalog.pg_type.typnamespace 
WHERE pg_catalog.pg_type.typname = $1::VARCHAR AND pg_catalog.pg_type_is_visible(pg_catalog.pg_type.oid) AND pg_catalog.pg_namespace.nspname != $2::VARCHAR
[2026-08-31 14:31:55,563] INFO in base: [cached since 0.1818s ago] ('currency_enum', 'pg_catalog')
[2026-08-31 14:31:55,565] INFO in base: CREATE TYPE currency_enum AS ENUM ('USD', 'EUR', 'CAD')
[2026-08-31 14:31:55,565] INFO in base: [no key 0.00016s] ()
[2026-08-31 14:31:55,566] INFO in base: 
CREATE TABLE products (
	id SERIAL NOT NULL, 
	name VARCHAR(255) NOT NULL, 
	price NUMERIC(15, 2) NOT NULL, 
	currency currency_enum NOT NULL, 
	sku VARCHAR(100) NOT NULL, 
	quantity NUMERIC(18, 3) NOT NULL, 
	is_active BOOLEAN NOT NULL, 
	created_at TIMESTAMP WITHOUT TIME ZONE DEFAULT now() NOT NULL, 
	updated_at TIMESTAMP WITHOUT TIME ZONE DEFAULT now() NOT NULL, 
	PRIMARY KEY (id), 
	CONSTRAINT check_price_positive CHECK (price > 0), 
	CONSTRAINT check_quantity_non_negative CHECK (quantity >= 0), 
	UNIQUE (sku)
)


[2026-08-31 14:31:55,566] INFO in base: [no key 0.00015s] ()
[2026-08-31 14:31:55,568] INFO in base: COMMIT
[2026-08-31 14:31:55,571] INFO in products_api: Creating new product
[2026-08-31 14:31:55,571] INFO in base: BEGIN (implicit)
[2026-08-31 14:31:55,571] INFO in base: INSERT INTO products (name, price, currency, sku, quantity, is_active) VALUES ($1::VARCHAR, $2::NUMERIC(15, 2), $3::currency_enum, $4::VARCHAR, $5::NUMERIC(18, 3), $6::BOOLEAN) RETURNING products.id, products.created_at, products.updated_at
[2026-08-31 14:31:55,571] INFO in base: [cached since 0.1783s ago] ('Test Product', Decimal('19.99'), 'USD', 'TESTSKU123', Decimal('10'), True)
[2026-08-31 14:31:55,578] INFO in base: COMMIT
[2026-08-31 14:31:55,580] INFO in _client: HTTP Request: POST http://test/api/v1/products "HTTP/1.1 201 Created"
[2026-08-31 14:31:55,581] INFO in products_api: Creating new product
[2026-08-31 14:31:55,581] INFO in base: BEGIN (implicit)
[2026-08-31 14:31:55,582] INFO in base: INSERT INTO products (name, price, currency, sku, quantity, is_active) VALUES ($1::VARCHAR, $2::NUMERIC(15, 2), $3::currency_enum, $4::VARCHAR, $5::NUMERIC(18, 3), $6::BOOLEAN) RETURNING products.id, products.created_at, products.updated_at
[2026-08-31 14:31:55,582] INFO in base: [cached since 0.1886s ago] ('Test Product', Decimal('19.99'), 'USD', 'TESTSKU123', Decimal('10'), True)
[2026-08-31 14:31:55,583] INFO in base: ROLLBACK
[2026-08-31 14:31:55,584] ERROR in products_api: Error occurred while creating product: Product already exists
[2026-08-31 14:31:55,584] INFO in _client: HTTP Request: POST http://test/api/v1/products "HTTP/1.1 400 Bad Request"
[2026-08-31 14:31:55,585] INFO in base: BEGIN (implicit)
[2026-08-31 14:31:55,585] INFO in base: SELECT pg_catalog.pg_class.relname 
FROM pg_catalog.pg_class JOIN pg_catalog.pg_namespace ON pg_catalog.pg_namespace.oid = pg_catalog.pg_class.relnamespace 
WHERE pg_catalog.pg_class.relname = $1::VARCHAR AND pg_catalog.pg_class.relkind = ANY (ARRAY[$2::VARCHAR, $3::VARCHAR, $4::VARCHAR, $5::VARCHAR, $6::VARCHAR]) AND pg_catalog.pg_table_is_visible(pg_catalog.pg_class.oid) AND pg_catalog.pg_namespace.nspname != $7::VARCHAR
[2026-08-31 14:31:55,585] INFO in base: [cached since 0.2078s ago] ('products', 'r', 'p', 'f', 'v', 'm', 'pg_catalog')
[2026-08-31 14:31:55,587] INFO in base: 
DROP TABLE products
[2026-08-31 14:31:55,587] INFO in base: [no key 0.00015s] ()
[2026-08-31 14:31:55,589] INFO in base: SELECT pg_catalog.pg_type.typname 
FROM pg_catalog.pg_type JOIN pg_catalog.pg_namespace ON pg_catalog.pg_namespace.oid = pg_catalog.pg_type.typnamespace 
WHERE pg_catalog.pg_type.typname = $1::VARCHAR AND pg_catalog.pg_type_is_visible(pg_catalog.pg_type.oid) AND pg_catalog.pg_namespace.nspname != $2::VARCHAR
[2026-08-31 14:31:55,589] INFO in base: [cached since 0.2073s ago] ('currency_enum', 'pg_catalog')
[2026-08-31 14:31:55,590] INFO in base: DROP TYPE currency_enum
[2026-08-31 14:31:55,590] INFO in base: [no key 0.00017s] ()
[2026-08-31 14:31:55,591] INFO in base: COMMIT
[2026-08-31 14:31:55,593] INFO in base: BEGIN (implicit)
[2026-08-31 14:31:55,594] INFO in base: SELECT pg_catalog.pg_class.relname 
FROM pg_catalog.pg_class JOIN pg_catalog.pg_namespace ON pg_catalog.pg_namespace.oid = pg_catalog.pg_class.relnamespace 
WHERE pg_catalog.pg_class.relname = $1::VARCHAR AND pg_catalog.pg_class.relkind = ANY (ARRAY[$2::VARCHAR, $3::VARCHAR, $4::VARCHAR, $5::VARCHAR, $6::VARCHAR]) AND pg_catalog.pg_table_is_visible(pg_catalog.pg_class.oid) AND pg_catalog.pg_namespace.nspname != $7::VARCHAR
[2026-08-31 14:31:55,594] INFO in base: [cached since 0.2163s ago] ('products', 'r', 'p', 'f', 'v', 'm', 'pg_catalog')
[2026-08-31 14:31:55,596] INFO in base: SELECT pg_catalog.pg_type.typname 
FROM pg_catalog.pg_type JOIN pg_catalog.pg_namespace ON pg_catalog.pg_namespace.oid = pg_catalog.pg_type.typnamespace 
WHERE pg_catalog.pg_type.typname = $1::VARCHAR AND pg_catalog.pg_type_is_visible(pg_catalog.pg_type.oid) AND pg_catalog.pg_namespace.nspname != $2::VARCHAR
[2026-08-31 14:31:55,596] INFO in base: [cached since 0.2143s ago] ('currency_enum', 'pg_catalog')
[2026-08-31 14:31:55,598] INFO in base: CREATE TYPE currency_enum AS ENUM ('USD', 'EUR', 'CAD')
[2026-08-31 14:31:55,598] INFO in base: [no key 0.00020s] ()
[2026-08-31 14:31:55,599] INFO in base: 
CREATE TABLE products (
	id SERIAL NOT NULL, 
	name VARCHAR(255) NOT NULL, 
	price NUMERIC(15, 2) NOT NULL, 
	currency currency_enum NOT NULL, 
	sku VARCHAR(100) NOT NULL, 
	quantity NUMERIC(18, 3) NOT NULL, 
	is_active BOOLEAN NOT NULL, 
	created_at TIMESTAMP WITHOUT TIME ZONE DEFAULT now() NOT NULL, 
	updated_at TIMESTAMP WITHOUT TIME ZONE DEFAULT now() NOT NULL, 
	PRIMARY KEY (id), 
	CONSTRAINT check_price_positive CHECK (price > 0), 
	CONSTRAINT check_quantity_non_negative CHECK (quantity >= 0), 
	UNIQUE (sku)
)


[2026-08-31 14:31:55,599] INFO in base: [no key 0.00021s] ()
[2026-08-31 14:31:55,602] INFO in base: COMMIT
[2026-08-31 14:31:55,606] INFO in products_api: Creating new product
[2026-08-31 14:31:55,606] INFO in base: BEGIN (implicit)
[2026-08-31 14:31:55,607] INFO in base: INSERT INTO products (name, price, currency, sku, quantity, is_active) VALUES ($1::VARCHAR, $2::NUMERIC(15, 2), $3::currency_enum, $4::VARCHAR, $5::NUMERIC(18, 3), $6::BOOLEAN) RETURNING products.id, products.created_at, products.updated_at
[2026-08-31 14:31:55,607] INFO in base: [cached since 0.2135s ago] ('Test Product', Decimal('-10.0'), 'USD', 'TESTSKU123', Decimal('10'), True)
[2026-08-31 14:31:55,615] INFO in base: ROLLBACK
[2026-08-31 14:31:55,616] ERROR in products_api: Error occurred while creating product: ('Invalid product data', '<class \'asyncpg.exceptions.CheckViolationError\'>: new row for relation "products" violates check constraint "check_price_positive"\nDETAIL:  Failing row contains (1, Test Product, -10.00, USD, TESTSKU123, 10.000, t, 2026-08-31 06:31:55.607471, 2026-08-31 06:31:55.607471).')
[2026-08-31 14:31:55,616] INFO in _client: HTTP Request: POST http://test/api/v1/products "HTTP/1.1 422 Unprocessable Content"
[2026-08-31 14:31:55,617] INFO in base: BEGIN (implicit)
[2026-08-31 14:31:55,617] INFO in base: SELECT pg_catalog.pg_class.relname 
FROM pg_catalog.pg_class JOIN pg_catalog.pg_namespace ON pg_catalog.pg_namespace.oid = pg_catalog.pg_class.relnamespace 
WHERE pg_catalog.pg_class.relname = $1::VARCHAR AND pg_catalog.pg_class.relkind = ANY (ARRAY[$2::VARCHAR, $3::VARCHAR, $4::VARCHAR, $5::VARCHAR, $6::VARCHAR]) AND pg_catalog.pg_table_is_visible(pg_catalog.pg_class.oid) AND pg_catalog.pg_namespace.nspname != $7::VARCHAR
[2026-08-31 14:31:55,617] INFO in base: [cached since 0.2397s ago] ('products', 'r', 'p', 'f', 'v', 'm', 'pg_catalog')
[2026-08-31 14:31:55,619] INFO in base: 
DROP TABLE products
[2026-08-31 14:31:55,619] INFO in base: [no key 0.00016s] ()
[2026-08-31 14:31:55,621] INFO in base: SELECT pg_catalog.pg_type.typname 
FROM pg_catalog.pg_type JOIN pg_catalog.pg_namespace ON pg_catalog.pg_namespace.oid = pg_catalog.pg_type.typnamespace 
WHERE pg_catalog.pg_type.typname = $1::VARCHAR AND pg_catalog.pg_type_is_visible(pg_catalog.pg_type.oid) AND pg_catalog.pg_namespace.nspname != $2::VARCHAR
[2026-08-31 14:31:55,621] INFO in base: [cached since 0.2395s ago] ('currency_enum', 'pg_catalog')
[2026-08-31 14:31:55,623] INFO in base: DROP TYPE currency_enum
[2026-08-31 14:31:55,623] INFO in base: [no key 0.00020s] ()
[2026-08-31 14:31:55,624] INFO in base: COMMIT
[2026-08-31 14:31:55,626] INFO in base: BEGIN (implicit)
[2026-08-31 14:31:55,626] INFO in base: SELECT pg_catalog.pg_class.relname 
FROM pg_catalog.pg_class JOIN pg_catalog.pg_namespace ON pg_catalog.pg_namespace.oid = pg_catalog.pg_class.relnamespace 
WHERE pg_catalog.pg_class.relname = $1::VARCHAR AND pg_catalog.pg_class.relkind = ANY (ARRAY[$2::VARCHAR, $3::VARCHAR, $4::VARCHAR, $5::VARCHAR, $6::VARCHAR]) AND pg_catalog.pg_table_is_visible(pg_catalog.pg_class.oid) AND pg_catalog.pg_namespace.nspname != $7::VARCHAR
[2026-08-31 14:31:55,627] INFO in base: [cached since 0.2491s ago] ('products', 'r', 'p', 'f', 'v', 'm', 'pg_catalog')
[2026-08-31 14:31:55,629] INFO in base: SELECT pg_catalog.pg_type.typname 
FROM pg_catalog.pg_type JOIN pg_catalog.pg_namespace ON pg_catalog.pg_namespace.oid = pg_catalog.pg_type.typnamespace 
WHERE pg_catalog.pg_type.typname = $1::VARCHAR AND pg_catalog.pg_type_is_visible(pg_catalog.pg_type.oid) AND pg_catalog.pg_namespace.nspname != $2::VARCHAR
[2026-08-31 14:31:55,629] INFO in base: [cached since 0.2472s ago] ('currency_enum', 'pg_catalog')
[2026-08-31 14:31:55,630] INFO in base: CREATE TYPE currency_enum AS ENUM ('USD', 'EUR', 'CAD')
[2026-08-31 14:31:55,631] INFO in base: [no key 0.00024s] ()
[2026-08-31 14:31:55,632] INFO in base: 
CREATE TABLE products (
	id SERIAL NOT NULL, 
	name VARCHAR(255) NOT NULL, 
	price NUMERIC(15, 2) NOT NULL, 
	currency currency_enum NOT NULL, 
	sku VARCHAR(100) NOT NULL, 
	quantity NUMERIC(18, 3) NOT NULL, 
	is_active BOOLEAN NOT NULL, 
	created_at TIMESTAMP WITHOUT TIME ZONE DEFAULT now() NOT NULL, 
	updated_at TIMESTAMP WITHOUT TIME ZONE DEFAULT now() NOT NULL, 
	PRIMARY KEY (id), 
	CONSTRAINT check_price_positive CHECK (price > 0), 
	CONSTRAINT check_quantity_non_negative CHECK (quantity >= 0), 
	UNIQUE (sku)
)


[2026-08-31 14:31:55,632] INFO in base: [no key 0.00022s] ()
[2026-08-31 14:31:55,635] INFO in base: COMMIT
[2026-08-31 14:31:55,639] INFO in _client: HTTP Request: POST http://test/api/v1/products "HTTP/1.1 422 Unprocessable Content"
[2026-08-31 14:31:55,639] INFO in base: BEGIN (implicit)
[2026-08-31 14:31:55,640] INFO in base: SELECT pg_catalog.pg_class.relname 
FROM pg_catalog.pg_class JOIN pg_catalog.pg_namespace ON pg_catalog.pg_namespace.oid = pg_catalog.pg_class.relnamespace 
WHERE pg_catalog.pg_class.relname = $1::VARCHAR AND pg_catalog.pg_class.relkind = ANY (ARRAY[$2::VARCHAR, $3::VARCHAR, $4::VARCHAR, $5::VARCHAR, $6::VARCHAR]) AND pg_catalog.pg_table_is_visible(pg_catalog.pg_class.oid) AND pg_catalog.pg_namespace.nspname != $7::VARCHAR
[2026-08-31 14:31:55,640] INFO in base: [cached since 0.2624s ago] ('products', 'r', 'p', 'f', 'v', 'm', 'pg_catalog')
[2026-08-31 14:31:55,642] INFO in base: 
DROP TABLE products
[2026-08-31 14:31:55,642] INFO in base: [no key 0.00020s] ()
[2026-08-31 14:31:55,644] INFO in base: SELECT pg_catalog.pg_type.typname 
FROM pg_catalog.pg_type JOIN pg_catalog.pg_namespace ON pg_catalog.pg_namespace.oid = pg_catalog.pg_type.typnamespace 
WHERE pg_catalog.pg_type.typname = $1::VARCHAR AND pg_catalog.pg_type_is_visible(pg_catalog.pg_type.oid) AND pg_catalog.pg_namespace.nspname != $2::VARCHAR
[2026-08-31 14:31:55,644] INFO in base: [cached since 0.2627s ago] ('currency_enum', 'pg_catalog')
[2026-08-31 14:31:55,646] INFO in base: DROP TYPE currency_enum
[2026-08-31 14:31:55,646] INFO in base: [no key 0.00022s] ()
[2026-08-31 14:31:55,647] INFO in base: COMMIT
[2026-08-31 14:31:55,650] INFO in base: BEGIN (implicit)
[2026-08-31 14:31:55,650] INFO in base: SELECT pg_catalog.pg_class.relname 
FROM pg_catalog.pg_class JOIN pg_catalog.pg_namespace ON pg_catalog.pg_namespace.oid = pg_catalog.pg_class.relnamespace 
WHERE pg_catalog.pg_class.relname = $1::VARCHAR AND pg_catalog.pg_class.relkind = ANY (ARRAY[$2::VARCHAR, $3::VARCHAR, $4::VARCHAR, $5::VARCHAR, $6::VARCHAR]) AND pg_catalog.pg_table_is_visible(pg_catalog.pg_class.oid) AND pg_catalog.pg_namespace.nspname != $7::VARCHAR
[2026-08-31 14:31:55,650] INFO in base: [cached since 0.2725s ago] ('products', 'r', 'p', 'f', 'v', 'm', 'pg_catalog')
[2026-08-31 14:31:55,652] INFO in base: SELECT pg_catalog.pg_type.typname 
FROM pg_catalog.pg_type JOIN pg_catalog.pg_namespace ON pg_catalog.pg_namespace.oid = pg_catalog.pg_type.typnamespace 
WHERE pg_catalog.pg_type.typname = $1::VARCHAR AND pg_catalog.pg_type_is_visible(pg_catalog.pg_type.oid) AND pg_catalog.pg_namespace.nspname != $2::VARCHAR
[2026-08-31 14:31:55,652] INFO in base: [cached since 0.2708s ago] ('currency_enum', 'pg_catalog')
[2026-08-31 14:31:55,654] INFO in base: CREATE TYPE currency_enum AS ENUM ('USD', 'EUR', 'CAD')
[2026-08-31 14:31:55,654] INFO in base: [no key 0.00018s] ()
[2026-08-31 14:31:55,655] INFO in base: 
CREATE TABLE products (
	id SERIAL NOT NULL, 
	name VARCHAR(255) NOT NULL, 
	price NUMERIC(15, 2) NOT NULL, 
	currency currency_enum NOT NULL, 
	sku VARCHAR(100) NOT NULL, 
	quantity NUMERIC(18, 3) NOT NULL, 
	is_active BOOLEAN NOT NULL, 
	created_at TIMESTAMP WITHOUT TIME ZONE DEFAULT now() NOT NULL, 
	updated_at TIMESTAMP WITHOUT TIME ZONE DEFAULT now() NOT NULL, 
	PRIMARY KEY (id), 
	CONSTRAINT check_price_positive CHECK (price > 0), 
	CONSTRAINT check_quantity_non_negative CHECK (quantity >= 0), 
	UNIQUE (sku)
)


[2026-08-31 14:31:55,656] INFO in base: [no key 0.00017s] ()
[2026-08-31 14:31:55,658] INFO in base: COMMIT
[2026-08-31 14:31:55,662] INFO in _client: HTTP Request: POST http://test/api/v1/products "HTTP/1.1 422 Unprocessable Content"
[2026-08-31 14:31:55,695] INFO in base: BEGIN (implicit)
[2026-08-31 14:31:55,695] INFO in base: SELECT pg_catalog.pg_class.relname 
FROM pg_catalog.pg_class JOIN pg_catalog.pg_namespace ON pg_catalog.pg_namespace.oid = pg_catalog.pg_class.relnamespace 
WHERE pg_catalog.pg_class.relname = $1::VARCHAR AND pg_catalog.pg_class.relkind = ANY (ARRAY[$2::VARCHAR, $3::VARCHAR, $4::VARCHAR, $5::VARCHAR, $6::VARCHAR]) AND pg_catalog.pg_table_is_visible(pg_catalog.pg_class.oid) AND pg_catalog.pg_namespace.nspname != $7::VARCHAR
[2026-08-31 14:31:55,695] INFO in base: [cached since 0.3175s ago] ('products', 'r', 'p', 'f', 'v', 'm', 'pg_catalog')
[2026-08-31 14:31:55,697] INFO in base: 
DROP TABLE products
[2026-08-31 14:31:55,697] INFO in base: [no key 0.00023s] ()
[2026-08-31 14:31:55,699] INFO in base: SELECT pg_catalog.pg_type.typname 
FROM pg_catalog.pg_type JOIN pg_catalog.pg_namespace ON pg_catalog.pg_namespace.oid = pg_catalog.pg_type.typnamespace 
WHERE pg_catalog.pg_type.typname = $1::VARCHAR AND pg_catalog.pg_type_is_visible(pg_catalog.pg_type.oid) AND pg_catalog.pg_namespace.nspname != $2::VARCHAR
[2026-08-31 14:31:55,699] INFO in base: [cached since 0.3176s ago] ('currency_enum', 'pg_catalog')
[2026-08-31 14:31:55,701] INFO in base: DROP TYPE currency_enum
[2026-08-31 14:31:55,701] INFO in base: [no key 0.00018s] ()
[2026-08-31 14:31:55,702] INFO in base: COMMIT
[2026-08-31 14:32:38,431] INFO in base: select pg_catalog.version()
[2026-08-31 14:32:38,432] INFO in base: [raw sql] ()
[2026-08-31 14:32:38,437] INFO in base: select current_schema()
[2026-08-31 14:32:38,437] INFO in base: [raw sql] ()
[2026-08-31 14:32:38,439] INFO in base: show standard_conforming_strings
[2026-08-31 14:32:38,439] INFO in base: [raw sql] ()
[2026-08-31 14:32:38,441] INFO in base: BEGIN (implicit)
[2026-08-31 14:32:38,451] INFO in base: SELECT pg_catalog.pg_class.relname 
FROM pg_catalog.pg_class JOIN pg_catalog.pg_namespace ON pg_catalog.pg_namespace.oid = pg_catalog.pg_class.relnamespace 
WHERE pg_catalog.pg_class.relname = $1::VARCHAR AND pg_catalog.pg_class.relkind = ANY (ARRAY[$2::VARCHAR, $3::VARCHAR, $4::VARCHAR, $5::VARCHAR, $6::VARCHAR]) AND pg_catalog.pg_table_is_visible(pg_catalog.pg_class.oid) AND pg_catalog.pg_namespace.nspname != $7::VARCHAR
[2026-08-31 14:32:38,451] INFO in base: [generated in 0.00069s] ('products', 'r', 'p', 'f', 'v', 'm', 'pg_catalog')
[2026-08-31 14:32:38,456] INFO in base: SELECT pg_catalog.pg_type.typname 
FROM pg_catalog.pg_type JOIN pg_catalog.pg_namespace ON pg_catalog.pg_namespace.oid = pg_catalog.pg_type.typnamespace 
WHERE pg_catalog.pg_type.typname = $1::VARCHAR AND pg_catalog.pg_type_is_visible(pg_catalog.pg_type.oid) AND pg_catalog.pg_namespace.nspname != $2::VARCHAR
[2026-08-31 14:32:38,456] INFO in base: [generated in 0.00026s] ('currency_enum', 'pg_catalog')
[2026-08-31 14:32:38,458] INFO in base: CREATE TYPE currency_enum AS ENUM ('USD', 'EUR', 'CAD')
[2026-08-31 14:32:38,459] INFO in base: [no key 0.00025s] ()
[2026-08-31 14:32:38,462] INFO in base: 
CREATE TABLE products (
	id SERIAL NOT NULL, 
	name VARCHAR(255) NOT NULL, 
	price NUMERIC(15, 2) NOT NULL, 
	currency currency_enum NOT NULL, 
	sku VARCHAR(100) NOT NULL, 
	quantity NUMERIC(18, 3) NOT NULL, 
	is_active BOOLEAN NOT NULL, 
	created_at TIMESTAMP WITHOUT TIME ZONE DEFAULT now() NOT NULL, 
	updated_at TIMESTAMP WITHOUT TIME ZONE DEFAULT now() NOT NULL, 
	PRIMARY KEY (id), 
	CONSTRAINT check_price_positive CHECK (price > 0), 
	CONSTRAINT check_quantity_non_negative CHECK (quantity >= 0), 
	UNIQUE (sku)
)


[2026-08-31 14:32:38,463] INFO in base: [no key 0.00020s] ()
[2026-08-31 14:32:38,466] INFO in base: COMMIT
[2026-08-31 14:32:38,490] INFO in products_api: Creating new product
[2026-08-31 14:32:38,498] INFO in base: BEGIN (implicit)
[2026-08-31 14:32:38,502] INFO in base: INSERT INTO products (name, price, currency, sku, quantity, is_active) VALUES ($1::VARCHAR, $2::NUMERIC(15, 2), $3::currency_enum, $4::VARCHAR, $5::NUMERIC(18, 3), $6::BOOLEAN) RETURNING products.id, products.created_at, products.updated_at
[2026-08-31 14:32:38,502] INFO in base: [generated in 0.00051s] ('Test Product', Decimal('19.99'), 'USD', 'TESTSKU123', Decimal('-5'), True)
[2026-08-31 14:32:38,514] INFO in base: ROLLBACK
[2026-08-31 14:32:38,516] ERROR in products_api: Error occurred while creating product: ('Invalid product data', '<class \'asyncpg.exceptions.CheckViolationError\'>: new row for relation "products" violates check constraint "check_quantity_non_negative"\nDETAIL:  Failing row contains (1, Test Product, 19.99, USD, TESTSKU123, -5.000, t, 2026-08-31 06:32:38.503044, 2026-08-31 06:32:38.503044).')
[2026-08-31 14:32:38,517] INFO in _client: HTTP Request: POST http://test/api/v1/products "HTTP/1.1 422 Unprocessable Content"
[2026-08-31 14:33:31,346] INFO in base: BEGIN (implicit)
[2026-08-31 14:33:31,350] INFO in base: SELECT pg_catalog.pg_class.relname 
FROM pg_catalog.pg_class JOIN pg_catalog.pg_namespace ON pg_catalog.pg_namespace.oid = pg_catalog.pg_class.relnamespace 
WHERE pg_catalog.pg_class.relname = $1::VARCHAR AND pg_catalog.pg_class.relkind = ANY (ARRAY[$2::VARCHAR, $3::VARCHAR, $4::VARCHAR, $5::VARCHAR, $6::VARCHAR]) AND pg_catalog.pg_table_is_visible(pg_catalog.pg_class.oid) AND pg_catalog.pg_namespace.nspname != $7::VARCHAR
[2026-08-31 14:33:31,350] INFO in base: [cached since 52.9s ago] ('products', 'r', 'p', 'f', 'v', 'm', 'pg_catalog')
[2026-08-31 14:33:31,360] INFO in base: 
DROP TABLE products
[2026-08-31 14:33:31,361] INFO in base: [no key 0.00079s] ()
[2026-08-31 14:33:31,375] INFO in base: SELECT pg_catalog.pg_type.typname 
FROM pg_catalog.pg_type JOIN pg_catalog.pg_namespace ON pg_catalog.pg_namespace.oid = pg_catalog.pg_type.typnamespace 
WHERE pg_catalog.pg_type.typname = $1::VARCHAR AND pg_catalog.pg_type_is_visible(pg_catalog.pg_type.oid) AND pg_catalog.pg_namespace.nspname != $2::VARCHAR
[2026-08-31 14:33:31,375] INFO in base: [cached since 52.92s ago] ('currency_enum', 'pg_catalog')
[2026-08-31 14:33:31,379] INFO in base: DROP TYPE currency_enum
[2026-08-31 14:33:31,380] INFO in base: [no key 0.00050s] ()
[2026-08-31 14:33:31,383] INFO in base: COMMIT
[2026-08-31 14:33:55,598] INFO in base: select pg_catalog.version()
[2026-08-31 14:33:55,598] INFO in base: [raw sql] ()
[2026-08-31 14:33:55,600] INFO in base: select current_schema()
[2026-08-31 14:33:55,600] INFO in base: [raw sql] ()
[2026-08-31 14:33:55,601] INFO in base: show standard_conforming_strings
[2026-08-31 14:33:55,601] INFO in base: [raw sql] ()
[2026-08-31 14:33:55,603] INFO in base: BEGIN (implicit)
[2026-08-31 14:33:55,606] INFO in base: SELECT pg_catalog.pg_class.relname 
FROM pg_catalog.pg_class JOIN pg_catalog.pg_namespace ON pg_catalog.pg_namespace.oid = pg_catalog.pg_class.relnamespace 
WHERE pg_catalog.pg_class.relname = $1::VARCHAR AND pg_catalog.pg_class.relkind = ANY (ARRAY[$2::VARCHAR, $3::VARCHAR, $4::VARCHAR, $5::VARCHAR, $6::VARCHAR]) AND pg_catalog.pg_table_is_visible(pg_catalog.pg_class.oid) AND pg_catalog.pg_namespace.nspname != $7::VARCHAR
[2026-08-31 14:33:55,606] INFO in base: [generated in 0.00025s] ('products', 'r', 'p', 'f', 'v', 'm', 'pg_catalog')
[2026-08-31 14:33:55,610] INFO in base: SELECT pg_catalog.pg_type.typname 
FROM pg_catalog.pg_type JOIN pg_catalog.pg_namespace ON pg_catalog.pg_namespace.oid = pg_catalog.pg_type.typnamespace 
WHERE pg_catalog.pg_type.typname = $1::VARCHAR AND pg_catalog.pg_type_is_visible(pg_catalog.pg_type.oid) AND pg_catalog.pg_namespace.nspname != $2::VARCHAR
[2026-08-31 14:33:55,610] INFO in base: [generated in 0.00036s] ('currency_enum', 'pg_catalog')
[2026-08-31 14:33:55,612] INFO in base: CREATE TYPE currency_enum AS ENUM ('USD', 'EUR', 'CAD')
[2026-08-31 14:33:55,612] INFO in base: [no key 0.00018s] ()
[2026-08-31 14:33:55,615] INFO in base: 
CREATE TABLE products (
	id SERIAL NOT NULL, 
	name VARCHAR(255) NOT NULL, 
	price NUMERIC(15, 2) NOT NULL, 
	currency currency_enum NOT NULL, 
	sku VARCHAR(100) NOT NULL, 
	quantity NUMERIC(18, 3) NOT NULL, 
	is_active BOOLEAN NOT NULL, 
	created_at TIMESTAMP WITHOUT TIME ZONE DEFAULT now() NOT NULL, 
	updated_at TIMESTAMP WITHOUT TIME ZONE DEFAULT now() NOT NULL, 
	PRIMARY KEY (id), 
	CONSTRAINT check_price_positive CHECK (price > 0), 
	CONSTRAINT check_quantity_non_negative CHECK (quantity >= 0), 
	UNIQUE (sku)
)


[2026-08-31 14:33:55,615] INFO in base: [no key 0.00018s] ()
[2026-08-31 14:33:55,618] INFO in base: COMMIT
[2026-08-31 14:33:55,670] INFO in products_api: Creating new product
[2026-08-31 14:33:55,672] INFO in base: BEGIN (implicit)
[2026-08-31 14:33:55,674] INFO in base: INSERT INTO products (name, price, currency, sku, quantity, is_active) VALUES ($1::VARCHAR, $2::NUMERIC(15, 2), $3::currency_enum, $4::VARCHAR, $5::NUMERIC(18, 3), $6::BOOLEAN) RETURNING products.id, products.created_at, products.updated_at
[2026-08-31 14:33:55,674] INFO in base: [generated in 0.00032s] ('Test Product', Decimal('19.99'), 'USD', 'TESTSKU123', Decimal('10'), True)
[2026-08-31 14:33:55,686] INFO in base: COMMIT
[2026-08-31 14:33:55,688] INFO in _client: HTTP Request: POST http://test/api/v1/products "HTTP/1.1 201 Created"
[2026-08-31 14:33:55,689] INFO in base: BEGIN (implicit)
[2026-08-31 14:33:55,689] INFO in base: SELECT pg_catalog.pg_class.relname 
FROM pg_catalog.pg_class JOIN pg_catalog.pg_namespace ON pg_catalog.pg_namespace.oid = pg_catalog.pg_class.relnamespace 
WHERE pg_catalog.pg_class.relname = $1::VARCHAR AND pg_catalog.pg_class.relkind = ANY (ARRAY[$2::VARCHAR, $3::VARCHAR, $4::VARCHAR, $5::VARCHAR, $6::VARCHAR]) AND pg_catalog.pg_table_is_visible(pg_catalog.pg_class.oid) AND pg_catalog.pg_namespace.nspname != $7::VARCHAR
[2026-08-31 14:33:55,690] INFO in base: [cached since 0.08395s ago] ('products', 'r', 'p', 'f', 'v', 'm', 'pg_catalog')
[2026-08-31 14:33:55,691] INFO in base: 
DROP TABLE products
[2026-08-31 14:33:55,691] INFO in base: [no key 0.00017s] ()
[2026-08-31 14:33:55,694] INFO in base: SELECT pg_catalog.pg_type.typname 
FROM pg_catalog.pg_type JOIN pg_catalog.pg_namespace ON pg_catalog.pg_namespace.oid = pg_catalog.pg_type.typnamespace 
WHERE pg_catalog.pg_type.typname = $1::VARCHAR AND pg_catalog.pg_type_is_visible(pg_catalog.pg_type.oid) AND pg_catalog.pg_namespace.nspname != $2::VARCHAR
[2026-08-31 14:33:55,695] INFO in base: [cached since 0.08469s ago] ('currency_enum', 'pg_catalog')
[2026-08-31 14:33:55,696] INFO in base: DROP TYPE currency_enum
[2026-08-31 14:33:55,696] INFO in base: [no key 0.00027s] ()
[2026-08-31 14:33:55,698] INFO in base: COMMIT
[2026-08-31 14:33:55,701] INFO in base: BEGIN (implicit)
[2026-08-31 14:33:55,701] INFO in base: SELECT pg_catalog.pg_class.relname 
FROM pg_catalog.pg_class JOIN pg_catalog.pg_namespace ON pg_catalog.pg_namespace.oid = pg_catalog.pg_class.relnamespace 
WHERE pg_catalog.pg_class.relname = $1::VARCHAR AND pg_catalog.pg_class.relkind = ANY (ARRAY[$2::VARCHAR, $3::VARCHAR, $4::VARCHAR, $5::VARCHAR, $6::VARCHAR]) AND pg_catalog.pg_table_is_visible(pg_catalog.pg_class.oid) AND pg_catalog.pg_namespace.nspname != $7::VARCHAR
[2026-08-31 14:33:55,701] INFO in base: [cached since 0.09572s ago] ('products', 'r', 'p', 'f', 'v', 'm', 'pg_catalog')
[2026-08-31 14:33:55,703] INFO in base: SELECT pg_catalog.pg_type.typname 
FROM pg_catalog.pg_type JOIN pg_catalog.pg_namespace ON pg_catalog.pg_namespace.oid = pg_catalog.pg_type.typnamespace 
WHERE pg_catalog.pg_type.typname = $1::VARCHAR AND pg_catalog.pg_type_is_visible(pg_catalog.pg_type.oid) AND pg_catalog.pg_namespace.nspname != $2::VARCHAR
[2026-08-31 14:33:55,704] INFO in base: [cached since 0.0937s ago] ('currency_enum', 'pg_catalog')
[2026-08-31 14:33:55,706] INFO in base: CREATE TYPE currency_enum AS ENUM ('USD', 'EUR', 'CAD')
[2026-08-31 14:33:55,706] INFO in base: [no key 0.00020s] ()
[2026-08-31 14:33:55,707] INFO in base: 
CREATE TABLE products (
	id SERIAL NOT NULL, 
	name VARCHAR(255) NOT NULL, 
	price NUMERIC(15, 2) NOT NULL, 
	currency currency_enum NOT NULL, 
	sku VARCHAR(100) NOT NULL, 
	quantity NUMERIC(18, 3) NOT NULL, 
	is_active BOOLEAN NOT NULL, 
	created_at TIMESTAMP WITHOUT TIME ZONE DEFAULT now() NOT NULL, 
	updated_at TIMESTAMP WITHOUT TIME ZONE DEFAULT now() NOT NULL, 
	PRIMARY KEY (id), 
	CONSTRAINT check_price_positive CHECK (price > 0), 
	CONSTRAINT check_quantity_non_negative CHECK (quantity >= 0), 
	UNIQUE (sku)
)


[2026-08-31 14:33:55,707] INFO in base: [no key 0.00017s] ()
[2026-08-31 14:33:55,711] INFO in base: COMMIT
[2026-08-31 14:33:55,714] INFO in products_api: Creating new product
[2026-08-31 14:33:55,715] INFO in base: BEGIN (implicit)
[2026-08-31 14:33:55,715] INFO in base: INSERT INTO products (name, price, currency, sku, quantity, is_active) VALUES ($1::VARCHAR, $2::NUMERIC(15, 2), $3::currency_enum, $4::VARCHAR, $5::NUMERIC(18, 3), $6::BOOLEAN) RETURNING products.id, products.created_at, products.updated_at
[2026-08-31 14:33:55,715] INFO in base: [cached since 0.04169s ago] ('Test Product', Decimal('19.99'), 'USD', 'TESTSKU123', Decimal('10'), True)
[2026-08-31 14:33:55,724] INFO in base: COMMIT
[2026-08-31 14:33:55,725] INFO in _client: HTTP Request: POST http://test/api/v1/products "HTTP/1.1 201 Created"
[2026-08-31 14:33:55,727] INFO in products_api: Fetching product with ID: 1
[2026-08-31 14:33:55,728] INFO in base: BEGIN (implicit)
[2026-08-31 14:33:55,730] INFO in base: SELECT products.id AS products_id, products.name AS products_name, products.price AS products_price, products.currency AS products_currency, products.sku AS products_sku, products.quantity AS products_quantity, products.is_active AS products_is_active, products.created_at AS products_created_at, products.updated_at AS products_updated_at 
FROM products 
WHERE products.id = $1::INTEGER
[2026-08-31 14:33:55,730] INFO in base: [generated in 0.00025s] (1,)
[2026-08-31 14:33:55,732] INFO in base: ROLLBACK
[2026-08-31 14:33:55,733] INFO in _client: HTTP Request: GET http://test/api/v1/products/1 "HTTP/1.1 200 OK"
[2026-08-31 14:33:55,734] INFO in base: BEGIN (implicit)
[2026-08-31 14:33:55,734] INFO in base: SELECT pg_catalog.pg_class.relname 
FROM pg_catalog.pg_class JOIN pg_catalog.pg_namespace ON pg_catalog.pg_namespace.oid = pg_catalog.pg_class.relnamespace 
WHERE pg_catalog.pg_class.relname = $1::VARCHAR AND pg_catalog.pg_class.relkind = ANY (ARRAY[$2::VARCHAR, $3::VARCHAR, $4::VARCHAR, $5::VARCHAR, $6::VARCHAR]) AND pg_catalog.pg_table_is_visible(pg_catalog.pg_class.oid) AND pg_catalog.pg_namespace.nspname != $7::VARCHAR
[2026-08-31 14:33:55,735] INFO in base: [cached since 0.129s ago] ('products', 'r', 'p', 'f', 'v', 'm', 'pg_catalog')
[2026-08-31 14:33:55,736] INFO in base: 
DROP TABLE products
[2026-08-31 14:33:55,737] INFO in base: [no key 0.00019s] ()
[2026-08-31 14:33:55,740] INFO in base: SELECT pg_catalog.pg_type.typname 
FROM pg_catalog.pg_type JOIN pg_catalog.pg_namespace ON pg_catalog.pg_namespace.oid = pg_catalog.pg_type.typnamespace 
WHERE pg_catalog.pg_type.typname = $1::VARCHAR AND pg_catalog.pg_type_is_visible(pg_catalog.pg_type.oid) AND pg_catalog.pg_namespace.nspname != $2::VARCHAR
[2026-08-31 14:33:55,740] INFO in base: [cached since 0.1299s ago] ('currency_enum', 'pg_catalog')
[2026-08-31 14:33:55,742] INFO in base: DROP TYPE currency_enum
[2026-08-31 14:33:55,742] INFO in base: [no key 0.00024s] ()
[2026-08-31 14:33:55,743] INFO in base: COMMIT
[2026-08-31 14:33:55,746] INFO in base: BEGIN (implicit)
[2026-08-31 14:33:55,746] INFO in base: SELECT pg_catalog.pg_class.relname 
FROM pg_catalog.pg_class JOIN pg_catalog.pg_namespace ON pg_catalog.pg_namespace.oid = pg_catalog.pg_class.relnamespace 
WHERE pg_catalog.pg_class.relname = $1::VARCHAR AND pg_catalog.pg_class.relkind = ANY (ARRAY[$2::VARCHAR, $3::VARCHAR, $4::VARCHAR, $5::VARCHAR, $6::VARCHAR]) AND pg_catalog.pg_table_is_visible(pg_catalog.pg_class.oid) AND pg_catalog.pg_namespace.nspname != $7::VARCHAR
[2026-08-31 14:33:55,747] INFO in base: [cached since 0.1409s ago] ('products', 'r', 'p', 'f', 'v', 'm', 'pg_catalog')
[2026-08-31 14:33:55,749] INFO in base: SELECT pg_catalog.pg_type.typname 
FROM pg_catalog.pg_type JOIN pg_catalog.pg_namespace ON pg_catalog.pg_namespace.oid = pg_catalog.pg_type.typnamespace 
WHERE pg_catalog.pg_type.typname = $1::VARCHAR AND pg_catalog.pg_type_is_visible(pg_catalog.pg_type.oid) AND pg_catalog.pg_namespace.nspname != $2::VARCHAR
[2026-08-31 14:33:55,749] INFO in base: [cached since 0.1391s ago] ('currency_enum', 'pg_catalog')
[2026-08-31 14:33:55,750] INFO in base: CREATE TYPE currency_enum AS ENUM ('USD', 'EUR', 'CAD')
[2026-08-31 14:33:55,751] INFO in base: [no key 0.00016s] ()
[2026-08-31 14:33:55,752] INFO in base: 
CREATE TABLE products (
	id SERIAL NOT NULL, 
	name VARCHAR(255) NOT NULL, 
	price NUMERIC(15, 2) NOT NULL, 
	currency currency_enum NOT NULL, 
	sku VARCHAR(100) NOT NULL, 
	quantity NUMERIC(18, 3) NOT NULL, 
	is_active BOOLEAN NOT NULL, 
	created_at TIMESTAMP WITHOUT TIME ZONE DEFAULT now() NOT NULL, 
	updated_at TIMESTAMP WITHOUT TIME ZONE DEFAULT now() NOT NULL, 
	PRIMARY KEY (id), 
	CONSTRAINT check_price_positive CHECK (price > 0), 
	CONSTRAINT check_quantity_non_negative CHECK (quantity >= 0), 
	UNIQUE (sku)
)


[2026-08-31 14:33:55,752] INFO in base: [no key 0.00017s] ()
[2026-08-31 14:33:55,755] INFO in base: COMMIT
[2026-08-31 14:33:55,758] INFO in products_api: Fetching product with ID: 999999
[2026-08-31 14:33:55,758] INFO in base: BEGIN (implicit)
[2026-08-31 14:33:55,759] INFO in base: SELECT products.id AS products_id, products.name AS products_name, products.price AS products_price, products.currency AS products_currency, products.sku AS products_sku, products.quantity AS products_quantity, products.is_active AS products_is_active, products.created_at AS products_created_at, products.updated_at AS products_updated_at 
FROM products 
WHERE products.id = $1::INTEGER
[2026-08-31 14:33:55,759] INFO in base: [cached since 0.02928s ago] (999999,)
[2026-08-31 14:33:55,766] ERROR in products_api: Error occurred while fetching product: Product not found
[2026-08-31 14:33:55,767] INFO in base: ROLLBACK
[2026-08-31 14:33:55,767] INFO in _client: HTTP Request: GET http://test/api/v1/products/999999 "HTTP/1.1 404 Not Found"
[2026-08-31 14:33:55,768] INFO in base: BEGIN (implicit)
[2026-08-31 14:33:55,769] INFO in base: SELECT pg_catalog.pg_class.relname 
FROM pg_catalog.pg_class JOIN pg_catalog.pg_namespace ON pg_catalog.pg_namespace.oid = pg_catalog.pg_class.relnamespace 
WHERE pg_catalog.pg_class.relname = $1::VARCHAR AND pg_catalog.pg_class.relkind = ANY (ARRAY[$2::VARCHAR, $3::VARCHAR, $4::VARCHAR, $5::VARCHAR, $6::VARCHAR]) AND pg_catalog.pg_table_is_visible(pg_catalog.pg_class.oid) AND pg_catalog.pg_namespace.nspname != $7::VARCHAR
[2026-08-31 14:33:55,769] INFO in base: [cached since 0.1632s ago] ('products', 'r', 'p', 'f', 'v', 'm', 'pg_catalog')
[2026-08-31 14:33:55,770] INFO in base: 
DROP TABLE products
[2026-08-31 14:33:55,771] INFO in base: [no key 0.00018s] ()
[2026-08-31 14:33:55,773] INFO in base: SELECT pg_catalog.pg_type.typname 
FROM pg_catalog.pg_type JOIN pg_catalog.pg_namespace ON pg_catalog.pg_namespace.oid = pg_catalog.pg_type.typnamespace 
WHERE pg_catalog.pg_type.typname = $1::VARCHAR AND pg_catalog.pg_type_is_visible(pg_catalog.pg_type.oid) AND pg_catalog.pg_namespace.nspname != $2::VARCHAR
[2026-08-31 14:33:55,773] INFO in base: [cached since 0.1632s ago] ('currency_enum', 'pg_catalog')
[2026-08-31 14:33:55,775] INFO in base: DROP TYPE currency_enum
[2026-08-31 14:33:55,775] INFO in base: [no key 0.00020s] ()
[2026-08-31 14:33:55,776] INFO in base: COMMIT
[2026-08-31 14:33:55,779] INFO in base: BEGIN (implicit)
[2026-08-31 14:33:55,779] INFO in base: SELECT pg_catalog.pg_class.relname 
FROM pg_catalog.pg_class JOIN pg_catalog.pg_namespace ON pg_catalog.pg_namespace.oid = pg_catalog.pg_class.relnamespace 
WHERE pg_catalog.pg_class.relname = $1::VARCHAR AND pg_catalog.pg_class.relkind = ANY (ARRAY[$2::VARCHAR, $3::VARCHAR, $4::VARCHAR, $5::VARCHAR, $6::VARCHAR]) AND pg_catalog.pg_table_is_visible(pg_catalog.pg_class.oid) AND pg_catalog.pg_namespace.nspname != $7::VARCHAR
[2026-08-31 14:33:55,779] INFO in base: [cached since 0.1734s ago] ('products', 'r', 'p', 'f', 'v', 'm', 'pg_catalog')
[2026-08-31 14:33:55,781] INFO in base: SELECT pg_catalog.pg_type.typname 
FROM pg_catalog.pg_type JOIN pg_catalog.pg_namespace ON pg_catalog.pg_namespace.oid = pg_catalog.pg_type.typnamespace 
WHERE pg_catalog.pg_type.typname = $1::VARCHAR AND pg_catalog.pg_type_is_visible(pg_catalog.pg_type.oid) AND pg_catalog.pg_namespace.nspname != $2::VARCHAR
[2026-08-31 14:33:55,781] INFO in base: [cached since 0.1713s ago] ('currency_enum', 'pg_catalog')
[2026-08-31 14:33:55,783] INFO in base: CREATE TYPE currency_enum AS ENUM ('USD', 'EUR', 'CAD')
[2026-08-31 14:33:55,783] INFO in base: [no key 0.00021s] ()
[2026-08-31 14:33:55,785] INFO in base: 
CREATE TABLE products (
	id SERIAL NOT NULL, 
	name VARCHAR(255) NOT NULL, 
	price NUMERIC(15, 2) NOT NULL, 
	currency currency_enum NOT NULL, 
	sku VARCHAR(100) NOT NULL, 
	quantity NUMERIC(18, 3) NOT NULL, 
	is_active BOOLEAN NOT NULL, 
	created_at TIMESTAMP WITHOUT TIME ZONE DEFAULT now() NOT NULL, 
	updated_at TIMESTAMP WITHOUT TIME ZONE DEFAULT now() NOT NULL, 
	PRIMARY KEY (id), 
	CONSTRAINT check_price_positive CHECK (price > 0), 
	CONSTRAINT check_quantity_non_negative CHECK (quantity >= 0), 
	UNIQUE (sku)
)


[2026-08-31 14:33:55,785] INFO in base: [no key 0.00022s] ()
[2026-08-31 14:33:55,787] INFO in base: COMMIT
[2026-08-31 14:33:55,791] INFO in products_api: Creating new product
[2026-08-31 14:33:55,791] INFO in base: BEGIN (implicit)
[2026-08-31 14:33:55,791] INFO in base: INSERT INTO products (name, price, currency, sku, quantity, is_active) VALUES ($1::VARCHAR, $2::NUMERIC(15, 2), $3::currency_enum, $4::VARCHAR, $5::NUMERIC(18, 3), $6::BOOLEAN) RETURNING products.id, products.created_at, products.updated_at
[2026-08-31 14:33:55,791] INFO in base: [cached since 0.1178s ago] ('Test Product', Decimal('19.99'), 'USD', 'TESTSKU123', Decimal('10'), True)
[2026-08-31 14:33:55,799] INFO in base: COMMIT
[2026-08-31 14:33:55,800] INFO in _client: HTTP Request: POST http://test/api/v1/products "HTTP/1.1 201 Created"
[2026-08-31 14:33:55,801] INFO in products_api: Deleting product with ID: 1
[2026-08-31 14:33:55,802] INFO in base: BEGIN (implicit)
[2026-08-31 14:33:55,802] INFO in base: SELECT products.id AS products_id, products.name AS products_name, products.price AS products_price, products.currency AS products_currency, products.sku AS products_sku, products.quantity AS products_quantity, products.is_active AS products_is_active, products.created_at AS products_created_at, products.updated_at AS products_updated_at 
FROM products 
WHERE products.id = $1::INTEGER
[2026-08-31 14:33:55,802] INFO in base: [cached since 0.07265s ago] (1,)
[2026-08-31 14:33:55,805] INFO in base: UPDATE products SET is_active=$1::BOOLEAN, updated_at=now() WHERE products.id = $2::INTEGER
[2026-08-31 14:33:55,805] INFO in base: [generated in 0.00021s] (False, 1)
[2026-08-31 14:33:55,806] INFO in base: COMMIT
[2026-08-31 14:33:55,808] INFO in _client: HTTP Request: DELETE http://test/api/v1/products/1 "HTTP/1.1 204 No Content"
[2026-08-31 14:33:55,809] INFO in products_api: Fetching product with ID: 1
[2026-08-31 14:33:55,809] INFO in base: BEGIN (implicit)
[2026-08-31 14:33:55,810] INFO in base: SELECT products.id AS products_id, products.name AS products_name, products.price AS products_price, products.currency AS products_currency, products.sku AS products_sku, products.quantity AS products_quantity, products.is_active AS products_is_active, products.created_at AS products_created_at, products.updated_at AS products_updated_at 
FROM products 
WHERE products.id = $1::INTEGER
[2026-08-31 14:33:55,810] INFO in base: [cached since 0.08021s ago] (1,)
[2026-08-31 14:33:55,811] ERROR in products_api: Error occurred while fetching product: Product not found
[2026-08-31 14:33:55,811] INFO in base: ROLLBACK
[2026-08-31 14:33:55,812] INFO in _client: HTTP Request: GET http://test/api/v1/products/1 "HTTP/1.1 404 Not Found"
[2026-08-31 14:33:55,813] INFO in base: BEGIN (implicit)
[2026-08-31 14:33:55,813] INFO in base: SELECT pg_catalog.pg_class.relname 
FROM pg_catalog.pg_class JOIN pg_catalog.pg_namespace ON pg_catalog.pg_namespace.oid = pg_catalog.pg_class.relnamespace 
WHERE pg_catalog.pg_class.relname = $1::VARCHAR AND pg_catalog.pg_class.relkind = ANY (ARRAY[$2::VARCHAR, $3::VARCHAR, $4::VARCHAR, $5::VARCHAR, $6::VARCHAR]) AND pg_catalog.pg_table_is_visible(pg_catalog.pg_class.oid) AND pg_catalog.pg_namespace.nspname != $7::VARCHAR
[2026-08-31 14:33:55,813] INFO in base: [cached since 0.2073s ago] ('products', 'r', 'p', 'f', 'v', 'm', 'pg_catalog')
[2026-08-31 14:33:55,815] INFO in base: 
DROP TABLE products
[2026-08-31 14:33:55,815] INFO in base: [no key 0.00016s] ()
[2026-08-31 14:33:55,817] INFO in base: SELECT pg_catalog.pg_type.typname 
FROM pg_catalog.pg_type JOIN pg_catalog.pg_namespace ON pg_catalog.pg_namespace.oid = pg_catalog.pg_type.typnamespace 
WHERE pg_catalog.pg_type.typname = $1::VARCHAR AND pg_catalog.pg_type_is_visible(pg_catalog.pg_type.oid) AND pg_catalog.pg_namespace.nspname != $2::VARCHAR
[2026-08-31 14:33:55,817] INFO in base: [cached since 0.2074s ago] ('currency_enum', 'pg_catalog')
[2026-08-31 14:33:55,819] INFO in base: DROP TYPE currency_enum
[2026-08-31 14:33:55,819] INFO in base: [no key 0.00025s] ()
[2026-08-31 14:33:55,820] INFO in base: COMMIT
[2026-08-31 14:33:55,822] INFO in base: BEGIN (implicit)
[2026-08-31 14:33:55,823] INFO in base: SELECT pg_catalog.pg_class.relname 
FROM pg_catalog.pg_class JOIN pg_catalog.pg_namespace ON pg_catalog.pg_namespace.oid = pg_catalog.pg_class.relnamespace 
WHERE pg_catalog.pg_class.relname = $1::VARCHAR AND pg_catalog.pg_class.relkind = ANY (ARRAY[$2::VARCHAR, $3::VARCHAR, $4::VARCHAR, $5::VARCHAR, $6::VARCHAR]) AND pg_catalog.pg_table_is_visible(pg_catalog.pg_class.oid) AND pg_catalog.pg_namespace.nspname != $7::VARCHAR
[2026-08-31 14:33:55,823] INFO in base: [cached since 0.2172s ago] ('products', 'r', 'p', 'f', 'v', 'm', 'pg_catalog')
[2026-08-31 14:33:55,825] INFO in base: SELECT pg_catalog.pg_type.typname 
FROM pg_catalog.pg_type JOIN pg_catalog.pg_namespace ON pg_catalog.pg_namespace.oid = pg_catalog.pg_type.typnamespace 
WHERE pg_catalog.pg_type.typname = $1::VARCHAR AND pg_catalog.pg_type_is_visible(pg_catalog.pg_type.oid) AND pg_catalog.pg_namespace.nspname != $2::VARCHAR
[2026-08-31 14:33:55,825] INFO in base: [cached since 0.2153s ago] ('currency_enum', 'pg_catalog')
[2026-08-31 14:33:55,827] INFO in base: CREATE TYPE currency_enum AS ENUM ('USD', 'EUR', 'CAD')
[2026-08-31 14:33:55,827] INFO in base: [no key 0.00024s] ()
[2026-08-31 14:33:55,829] INFO in base: 
CREATE TABLE products (
	id SERIAL NOT NULL, 
	name VARCHAR(255) NOT NULL, 
	price NUMERIC(15, 2) NOT NULL, 
	currency currency_enum NOT NULL, 
	sku VARCHAR(100) NOT NULL, 
	quantity NUMERIC(18, 3) NOT NULL, 
	is_active BOOLEAN NOT NULL, 
	created_at TIMESTAMP WITHOUT TIME ZONE DEFAULT now() NOT NULL, 
	updated_at TIMESTAMP WITHOUT TIME ZONE DEFAULT now() NOT NULL, 
	PRIMARY KEY (id), 
	CONSTRAINT check_price_positive CHECK (price > 0), 
	CONSTRAINT check_quantity_non_negative CHECK (quantity >= 0), 
	UNIQUE (sku)
)


[2026-08-31 14:33:55,829] INFO in base: [no key 0.00020s] ()
[2026-08-31 14:33:55,831] INFO in base: COMMIT
[2026-08-31 14:33:55,834] INFO in products_api: Creating new product
[2026-08-31 14:33:55,835] INFO in base: BEGIN (implicit)
[2026-08-31 14:33:55,835] INFO in base: INSERT INTO products (name, price, currency, sku, quantity, is_active) VALUES ($1::VARCHAR, $2::NUMERIC(15, 2), $3::currency_enum, $4::VARCHAR, $5::NUMERIC(18, 3), $6::BOOLEAN) RETURNING products.id, products.created_at, products.updated_at
[2026-08-31 14:33:55,835] INFO in base: [cached since 0.1616s ago] ('Test Product', Decimal('19.99'), 'USD', 'TESTSKU123', Decimal('10'), True)
[2026-08-31 14:33:55,842] INFO in base: COMMIT
[2026-08-31 14:33:55,843] INFO in _client: HTTP Request: POST http://test/api/v1/products "HTTP/1.1 201 Created"
[2026-08-31 14:33:55,845] INFO in products_api: Updating product with ID: 1
[2026-08-31 14:33:55,845] INFO in base: BEGIN (implicit)
[2026-08-31 14:33:55,845] INFO in base: SELECT products.id AS products_id, products.name AS products_name, products.price AS products_price, products.currency AS products_currency, products.sku AS products_sku, products.quantity AS products_quantity, products.is_active AS products_is_active, products.created_at AS products_created_at, products.updated_at AS products_updated_at 
FROM products 
WHERE products.id = $1::INTEGER
[2026-08-31 14:33:55,846] INFO in base: [cached since 0.116s ago] (1,)
[2026-08-31 14:33:55,848] INFO in base: UPDATE products SET price=$1::NUMERIC(15, 2), updated_at=now() WHERE products.id = $2::INTEGER
[2026-08-31 14:33:55,848] INFO in base: [generated in 0.00024s] (Decimal('29.99'), 1)
[2026-08-31 14:33:55,849] INFO in base: COMMIT
[2026-08-31 14:33:55,851] INFO in _client: HTTP Request: PUT http://test/api/v1/products/1 "HTTP/1.1 200 OK"
[2026-08-31 14:33:55,852] INFO in products_api: Fetching product with ID: 1
[2026-08-31 14:33:55,852] INFO in base: BEGIN (implicit)
[2026-08-31 14:33:55,853] INFO in base: SELECT products.id AS products_id, products.name AS products_name, products.price AS products_price, products.currency AS products_currency, products.sku AS products_sku, products.quantity AS products_quantity, products.is_active AS products_is_active, products.created_at AS products_created_at, products.updated_at AS products_updated_at 
FROM products 
WHERE products.id = $1::INTEGER
[2026-08-31 14:33:55,853] INFO in base: [cached since 0.1232s ago] (1,)
[2026-08-31 14:33:55,854] INFO in base: ROLLBACK
[2026-08-31 14:33:55,855] INFO in _client: HTTP Request: GET http://test/api/v1/products/1 "HTTP/1.1 200 OK"
[2026-08-31 14:33:55,855] INFO in base: BEGIN (implicit)
[2026-08-31 14:33:55,856] INFO in base: SELECT pg_catalog.pg_class.relname 
FROM pg_catalog.pg_class JOIN pg_catalog.pg_namespace ON pg_catalog.pg_namespace.oid = pg_catalog.pg_class.relnamespace 
WHERE pg_catalog.pg_class.relname = $1::VARCHAR AND pg_catalog.pg_class.relkind = ANY (ARRAY[$2::VARCHAR, $3::VARCHAR, $4::VARCHAR, $5::VARCHAR, $6::VARCHAR]) AND pg_catalog.pg_table_is_visible(pg_catalog.pg_class.oid) AND pg_catalog.pg_namespace.nspname != $7::VARCHAR
[2026-08-31 14:33:55,856] INFO in base: [cached since 0.2503s ago] ('products', 'r', 'p', 'f', 'v', 'm', 'pg_catalog')
[2026-08-31 14:33:55,857] INFO in base: 
DROP TABLE products
[2026-08-31 14:33:55,857] INFO in base: [no key 0.00019s] ()
[2026-08-31 14:33:55,859] INFO in base: SELECT pg_catalog.pg_type.typname 
FROM pg_catalog.pg_type JOIN pg_catalog.pg_namespace ON pg_catalog.pg_namespace.oid = pg_catalog.pg_type.typnamespace 
WHERE pg_catalog.pg_type.typname = $1::VARCHAR AND pg_catalog.pg_type_is_visible(pg_catalog.pg_type.oid) AND pg_catalog.pg_namespace.nspname != $2::VARCHAR
[2026-08-31 14:33:55,860] INFO in base: [cached since 0.2497s ago] ('currency_enum', 'pg_catalog')
[2026-08-31 14:33:55,861] INFO in base: DROP TYPE currency_enum
[2026-08-31 14:33:55,861] INFO in base: [no key 0.00026s] ()
[2026-08-31 14:33:55,863] INFO in base: COMMIT
[2026-08-31 14:33:55,865] INFO in base: BEGIN (implicit)
[2026-08-31 14:33:55,865] INFO in base: SELECT pg_catalog.pg_class.relname 
FROM pg_catalog.pg_class JOIN pg_catalog.pg_namespace ON pg_catalog.pg_namespace.oid = pg_catalog.pg_class.relnamespace 
WHERE pg_catalog.pg_class.relname = $1::VARCHAR AND pg_catalog.pg_class.relkind = ANY (ARRAY[$2::VARCHAR, $3::VARCHAR, $4::VARCHAR, $5::VARCHAR, $6::VARCHAR]) AND pg_catalog.pg_table_is_visible(pg_catalog.pg_class.oid) AND pg_catalog.pg_namespace.nspname != $7::VARCHAR
[2026-08-31 14:33:55,865] INFO in base: [cached since 0.2598s ago] ('products', 'r', 'p', 'f', 'v', 'm', 'pg_catalog')
[2026-08-31 14:33:55,868] INFO in base: SELECT pg_catalog.pg_type.typname 
FROM pg_catalog.pg_type JOIN pg_catalog.pg_namespace ON pg_catalog.pg_namespace.oid = pg_catalog.pg_type.typnamespace 
WHERE pg_catalog.pg_type.typname = $1::VARCHAR AND pg_catalog.pg_type_is_visible(pg_catalog.pg_type.oid) AND pg_catalog.pg_namespace.nspname != $2::VARCHAR
[2026-08-31 14:33:55,868] INFO in base: [cached since 0.2579s ago] ('currency_enum', 'pg_catalog')
[2026-08-31 14:33:55,869] INFO in base: CREATE TYPE currency_enum AS ENUM ('USD', 'EUR', 'CAD')
[2026-08-31 14:33:55,869] INFO in base: [no key 0.00017s] ()
[2026-08-31 14:33:55,871] INFO in base: 
CREATE TABLE products (
	id SERIAL NOT NULL, 
	name VARCHAR(255) NOT NULL, 
	price NUMERIC(15, 2) NOT NULL, 
	currency currency_enum NOT NULL, 
	sku VARCHAR(100) NOT NULL, 
	quantity NUMERIC(18, 3) NOT NULL, 
	is_active BOOLEAN NOT NULL, 
	created_at TIMESTAMP WITHOUT TIME ZONE DEFAULT now() NOT NULL, 
	updated_at TIMESTAMP WITHOUT TIME ZONE DEFAULT now() NOT NULL, 
	PRIMARY KEY (id), 
	CONSTRAINT check_price_positive CHECK (price > 0), 
	CONSTRAINT check_quantity_non_negative CHECK (quantity >= 0), 
	UNIQUE (sku)
)


[2026-08-31 14:33:55,871] INFO in base: [no key 0.00015s] ()
[2026-08-31 14:33:55,874] INFO in base: COMMIT
[2026-08-31 14:33:55,877] INFO in products_api: Creating new product
[2026-08-31 14:33:55,877] INFO in base: BEGIN (implicit)
[2026-08-31 14:33:55,878] INFO in base: INSERT INTO products (name, price, currency, sku, quantity, is_active) VALUES ($1::VARCHAR, $2::NUMERIC(15, 2), $3::currency_enum, $4::VARCHAR, $5::NUMERIC(18, 3), $6::BOOLEAN) RETURNING products.id, products.created_at, products.updated_at
[2026-08-31 14:33:55,878] INFO in base: [cached since 0.2042s ago] ('Test Product', Decimal('19.99'), 'USD', 'TESTSKU123', Decimal('10'), True)
[2026-08-31 14:33:55,886] INFO in base: COMMIT
[2026-08-31 14:33:55,887] INFO in _client: HTTP Request: POST http://test/api/v1/products "HTTP/1.1 201 Created"
[2026-08-31 14:33:55,888] INFO in products_api: Creating new product
[2026-08-31 14:33:55,888] INFO in base: BEGIN (implicit)
[2026-08-31 14:33:55,889] INFO in base: INSERT INTO products (name, price, currency, sku, quantity, is_active) VALUES ($1::VARCHAR, $2::NUMERIC(15, 2), $3::currency_enum, $4::VARCHAR, $5::NUMERIC(18, 3), $6::BOOLEAN) RETURNING products.id, products.created_at, products.updated_at
[2026-08-31 14:33:55,889] INFO in base: [cached since 0.2152s ago] ('Test Product', Decimal('19.99'), 'USD', 'TESTSKU123', Decimal('10'), True)
[2026-08-31 14:33:55,890] INFO in base: ROLLBACK
[2026-08-31 14:33:55,891] ERROR in products_api: Error occurred while creating product: Product already exists
[2026-08-31 14:33:55,891] INFO in _client: HTTP Request: POST http://test/api/v1/products "HTTP/1.1 400 Bad Request"
[2026-08-31 14:33:55,892] INFO in base: BEGIN (implicit)
[2026-08-31 14:33:55,892] INFO in base: SELECT pg_catalog.pg_class.relname 
FROM pg_catalog.pg_class JOIN pg_catalog.pg_namespace ON pg_catalog.pg_namespace.oid = pg_catalog.pg_class.relnamespace 
WHERE pg_catalog.pg_class.relname = $1::VARCHAR AND pg_catalog.pg_class.relkind = ANY (ARRAY[$2::VARCHAR, $3::VARCHAR, $4::VARCHAR, $5::VARCHAR, $6::VARCHAR]) AND pg_catalog.pg_table_is_visible(pg_catalog.pg_class.oid) AND pg_catalog.pg_namespace.nspname != $7::VARCHAR
[2026-08-31 14:33:55,892] INFO in base: [cached since 0.2868s ago] ('products', 'r', 'p', 'f', 'v', 'm', 'pg_catalog')
[2026-08-31 14:33:55,894] INFO in base: 
DROP TABLE products
[2026-08-31 14:33:55,895] INFO in base: [no key 0.00025s] ()
[2026-08-31 14:33:55,897] INFO in base: SELECT pg_catalog.pg_type.typname 
FROM pg_catalog.pg_type JOIN pg_catalog.pg_namespace ON pg_catalog.pg_namespace.oid = pg_catalog.pg_type.typnamespace 
WHERE pg_catalog.pg_type.typname = $1::VARCHAR AND pg_catalog.pg_type_is_visible(pg_catalog.pg_type.oid) AND pg_catalog.pg_namespace.nspname != $2::VARCHAR
[2026-08-31 14:33:55,897] INFO in base: [cached since 0.2872s ago] ('currency_enum', 'pg_catalog')
[2026-08-31 14:33:55,898] INFO in base: DROP TYPE currency_enum
[2026-08-31 14:33:55,899] INFO in base: [no key 0.00017s] ()
[2026-08-31 14:33:55,899] INFO in base: COMMIT
[2026-08-31 14:33:55,902] INFO in base: BEGIN (implicit)
[2026-08-31 14:33:55,902] INFO in base: SELECT pg_catalog.pg_class.relname 
FROM pg_catalog.pg_class JOIN pg_catalog.pg_namespace ON pg_catalog.pg_namespace.oid = pg_catalog.pg_class.relnamespace 
WHERE pg_catalog.pg_class.relname = $1::VARCHAR AND pg_catalog.pg_class.relkind = ANY (ARRAY[$2::VARCHAR, $3::VARCHAR, $4::VARCHAR, $5::VARCHAR, $6::VARCHAR]) AND pg_catalog.pg_table_is_visible(pg_catalog.pg_class.oid) AND pg_catalog.pg_namespace.nspname != $7::VARCHAR
[2026-08-31 14:33:55,902] INFO in base: [cached since 0.2964s ago] ('products', 'r', 'p', 'f', 'v', 'm', 'pg_catalog')
[2026-08-31 14:33:55,904] INFO in base: SELECT pg_catalog.pg_type.typname 
FROM pg_catalog.pg_type JOIN pg_catalog.pg_namespace ON pg_catalog.pg_namespace.oid = pg_catalog.pg_type.typnamespace 
WHERE pg_catalog.pg_type.typname = $1::VARCHAR AND pg_catalog.pg_type_is_visible(pg_catalog.pg_type.oid) AND pg_catalog.pg_namespace.nspname != $2::VARCHAR
[2026-08-31 14:33:55,904] INFO in base: [cached since 0.294s ago] ('currency_enum', 'pg_catalog')
[2026-08-31 14:33:55,905] INFO in base: CREATE TYPE currency_enum AS ENUM ('USD', 'EUR', 'CAD')
[2026-08-31 14:33:55,905] INFO in base: [no key 0.00014s] ()
[2026-08-31 14:33:55,906] INFO in base: 
CREATE TABLE products (
	id SERIAL NOT NULL, 
	name VARCHAR(255) NOT NULL, 
	price NUMERIC(15, 2) NOT NULL, 
	currency currency_enum NOT NULL, 
	sku VARCHAR(100) NOT NULL, 
	quantity NUMERIC(18, 3) NOT NULL, 
	is_active BOOLEAN NOT NULL, 
	created_at TIMESTAMP WITHOUT TIME ZONE DEFAULT now() NOT NULL, 
	updated_at TIMESTAMP WITHOUT TIME ZONE DEFAULT now() NOT NULL, 
	PRIMARY KEY (id), 
	CONSTRAINT check_price_positive CHECK (price > 0), 
	CONSTRAINT check_quantity_non_negative CHECK (quantity >= 0), 
	UNIQUE (sku)
)


[2026-08-31 14:33:55,907] INFO in base: [no key 0.00014s] ()
[2026-08-31 14:33:55,909] INFO in base: COMMIT
[2026-08-31 14:33:55,911] INFO in products_api: Creating new product
[2026-08-31 14:33:55,912] INFO in base: BEGIN (implicit)
[2026-08-31 14:33:55,912] INFO in base: INSERT INTO products (name, price, currency, sku, quantity, is_active) VALUES ($1::VARCHAR, $2::NUMERIC(15, 2), $3::currency_enum, $4::VARCHAR, $5::NUMERIC(18, 3), $6::BOOLEAN) RETURNING products.id, products.created_at, products.updated_at
[2026-08-31 14:33:55,912] INFO in base: [cached since 0.2386s ago] ('Test Product', Decimal('-10.0'), 'USD', 'TESTSKU123', Decimal('10'), True)
[2026-08-31 14:33:55,919] INFO in base: ROLLBACK
[2026-08-31 14:33:55,920] ERROR in products_api: Error occurred while creating product: ('Invalid product data', '<class \'asyncpg.exceptions.CheckViolationError\'>: new row for relation "products" violates check constraint "check_price_positive"\nDETAIL:  Failing row contains (1, Test Product, -10.00, USD, TESTSKU123, 10.000, t, 2026-08-31 06:33:55.913077, 2026-08-31 06:33:55.913077).')
[2026-08-31 14:33:55,920] INFO in _client: HTTP Request: POST http://test/api/v1/products "HTTP/1.1 422 Unprocessable Content"
[2026-08-31 14:33:55,921] INFO in base: BEGIN (implicit)
[2026-08-31 14:33:55,921] INFO in base: SELECT pg_catalog.pg_class.relname 
FROM pg_catalog.pg_class JOIN pg_catalog.pg_namespace ON pg_catalog.pg_namespace.oid = pg_catalog.pg_class.relnamespace 
WHERE pg_catalog.pg_class.relname = $1::VARCHAR AND pg_catalog.pg_class.relkind = ANY (ARRAY[$2::VARCHAR, $3::VARCHAR, $4::VARCHAR, $5::VARCHAR, $6::VARCHAR]) AND pg_catalog.pg_table_is_visible(pg_catalog.pg_class.oid) AND pg_catalog.pg_namespace.nspname != $7::VARCHAR
[2026-08-31 14:33:55,921] INFO in base: [cached since 0.3157s ago] ('products', 'r', 'p', 'f', 'v', 'm', 'pg_catalog')
[2026-08-31 14:33:55,923] INFO in base: 
DROP TABLE products
[2026-08-31 14:33:55,923] INFO in base: [no key 0.00016s] ()
[2026-08-31 14:33:55,925] INFO in base: SELECT pg_catalog.pg_type.typname 
FROM pg_catalog.pg_type JOIN pg_catalog.pg_namespace ON pg_catalog.pg_namespace.oid = pg_catalog.pg_type.typnamespace 
WHERE pg_catalog.pg_type.typname = $1::VARCHAR AND pg_catalog.pg_type_is_visible(pg_catalog.pg_type.oid) AND pg_catalog.pg_namespace.nspname != $2::VARCHAR
[2026-08-31 14:33:55,925] INFO in base: [cached since 0.3153s ago] ('currency_enum', 'pg_catalog')
[2026-08-31 14:33:55,927] INFO in base: DROP TYPE currency_enum
[2026-08-31 14:33:55,927] INFO in base: [no key 0.00023s] ()
[2026-08-31 14:33:55,928] INFO in base: COMMIT
[2026-08-31 14:33:55,931] INFO in base: BEGIN (implicit)
[2026-08-31 14:33:55,931] INFO in base: SELECT pg_catalog.pg_class.relname 
FROM pg_catalog.pg_class JOIN pg_catalog.pg_namespace ON pg_catalog.pg_namespace.oid = pg_catalog.pg_class.relnamespace 
WHERE pg_catalog.pg_class.relname = $1::VARCHAR AND pg_catalog.pg_class.relkind = ANY (ARRAY[$2::VARCHAR, $3::VARCHAR, $4::VARCHAR, $5::VARCHAR, $6::VARCHAR]) AND pg_catalog.pg_table_is_visible(pg_catalog.pg_class.oid) AND pg_catalog.pg_namespace.nspname != $7::VARCHAR
[2026-08-31 14:33:55,931] INFO in base: [cached since 0.3257s ago] ('products', 'r', 'p', 'f', 'v', 'm', 'pg_catalog')
[2026-08-31 14:33:55,933] INFO in base: SELECT pg_catalog.pg_type.typname 
FROM pg_catalog.pg_type JOIN pg_catalog.pg_namespace ON pg_catalog.pg_namespace.oid = pg_catalog.pg_type.typnamespace 
WHERE pg_catalog.pg_type.typname = $1::VARCHAR AND pg_catalog.pg_type_is_visible(pg_catalog.pg_type.oid) AND pg_catalog.pg_namespace.nspname != $2::VARCHAR
[2026-08-31 14:33:55,933] INFO in base: [cached since 0.3235s ago] ('currency_enum', 'pg_catalog')
[2026-08-31 14:33:55,935] INFO in base: CREATE TYPE currency_enum AS ENUM ('USD', 'EUR', 'CAD')
[2026-08-31 14:33:55,935] INFO in base: [no key 0.00017s] ()
[2026-08-31 14:33:55,936] INFO in base: 
CREATE TABLE products (
	id SERIAL NOT NULL, 
	name VARCHAR(255) NOT NULL, 
	price NUMERIC(15, 2) NOT NULL, 
	currency currency_enum NOT NULL, 
	sku VARCHAR(100) NOT NULL, 
	quantity NUMERIC(18, 3) NOT NULL, 
	is_active BOOLEAN NOT NULL, 
	created_at TIMESTAMP WITHOUT TIME ZONE DEFAULT now() NOT NULL, 
	updated_at TIMESTAMP WITHOUT TIME ZONE DEFAULT now() NOT NULL, 
	PRIMARY KEY (id), 
	CONSTRAINT check_price_positive CHECK (price > 0), 
	CONSTRAINT check_quantity_non_negative CHECK (quantity >= 0), 
	UNIQUE (sku)
)


[2026-08-31 14:33:55,937] INFO in base: [no key 0.00020s] ()
[2026-08-31 14:33:55,939] INFO in base: COMMIT
[2026-08-31 14:33:55,943] INFO in _client: HTTP Request: POST http://test/api/v1/products "HTTP/1.1 422 Unprocessable Content"
[2026-08-31 14:33:55,944] INFO in base: BEGIN (implicit)
[2026-08-31 14:33:55,944] INFO in base: SELECT pg_catalog.pg_class.relname 
FROM pg_catalog.pg_class JOIN pg_catalog.pg_namespace ON pg_catalog.pg_namespace.oid = pg_catalog.pg_class.relnamespace 
WHERE pg_catalog.pg_class.relname = $1::VARCHAR AND pg_catalog.pg_class.relkind = ANY (ARRAY[$2::VARCHAR, $3::VARCHAR, $4::VARCHAR, $5::VARCHAR, $6::VARCHAR]) AND pg_catalog.pg_table_is_visible(pg_catalog.pg_class.oid) AND pg_catalog.pg_namespace.nspname != $7::VARCHAR
[2026-08-31 14:33:55,944] INFO in base: [cached since 0.3387s ago] ('products', 'r', 'p', 'f', 'v', 'm', 'pg_catalog')
[2026-08-31 14:33:55,946] INFO in base: 
DROP TABLE products
[2026-08-31 14:33:55,947] INFO in base: [no key 0.00024s] ()
[2026-08-31 14:33:55,949] INFO in base: SELECT pg_catalog.pg_type.typname 
FROM pg_catalog.pg_type JOIN pg_catalog.pg_namespace ON pg_catalog.pg_namespace.oid = pg_catalog.pg_type.typnamespace 
WHERE pg_catalog.pg_type.typname = $1::VARCHAR AND pg_catalog.pg_type_is_visible(pg_catalog.pg_type.oid) AND pg_catalog.pg_namespace.nspname != $2::VARCHAR
[2026-08-31 14:33:55,949] INFO in base: [cached since 0.3393s ago] ('currency_enum', 'pg_catalog')
[2026-08-31 14:33:55,951] INFO in base: DROP TYPE currency_enum
[2026-08-31 14:33:55,951] INFO in base: [no key 0.00023s] ()
[2026-08-31 14:33:55,952] INFO in base: COMMIT
[2026-08-31 14:33:55,955] INFO in base: BEGIN (implicit)
[2026-08-31 14:33:55,955] INFO in base: SELECT pg_catalog.pg_class.relname 
FROM pg_catalog.pg_class JOIN pg_catalog.pg_namespace ON pg_catalog.pg_namespace.oid = pg_catalog.pg_class.relnamespace 
WHERE pg_catalog.pg_class.relname = $1::VARCHAR AND pg_catalog.pg_class.relkind = ANY (ARRAY[$2::VARCHAR, $3::VARCHAR, $4::VARCHAR, $5::VARCHAR, $6::VARCHAR]) AND pg_catalog.pg_table_is_visible(pg_catalog.pg_class.oid) AND pg_catalog.pg_namespace.nspname != $7::VARCHAR
[2026-08-31 14:33:55,955] INFO in base: [cached since 0.3495s ago] ('products', 'r', 'p', 'f', 'v', 'm', 'pg_catalog')
[2026-08-31 14:33:55,957] INFO in base: SELECT pg_catalog.pg_type.typname 
FROM pg_catalog.pg_type JOIN pg_catalog.pg_namespace ON pg_catalog.pg_namespace.oid = pg_catalog.pg_type.typnamespace 
WHERE pg_catalog.pg_type.typname = $1::VARCHAR AND pg_catalog.pg_type_is_visible(pg_catalog.pg_type.oid) AND pg_catalog.pg_namespace.nspname != $2::VARCHAR
[2026-08-31 14:33:55,957] INFO in base: [cached since 0.3474s ago] ('currency_enum', 'pg_catalog')
[2026-08-31 14:33:55,959] INFO in base: CREATE TYPE currency_enum AS ENUM ('USD', 'EUR', 'CAD')
[2026-08-31 14:33:55,959] INFO in base: [no key 0.00014s] ()
[2026-08-31 14:33:55,960] INFO in base: 
CREATE TABLE products (
	id SERIAL NOT NULL, 
	name VARCHAR(255) NOT NULL, 
	price NUMERIC(15, 2) NOT NULL, 
	currency currency_enum NOT NULL, 
	sku VARCHAR(100) NOT NULL, 
	quantity NUMERIC(18, 3) NOT NULL, 
	is_active BOOLEAN NOT NULL, 
	created_at TIMESTAMP WITHOUT TIME ZONE DEFAULT now() NOT NULL, 
	updated_at TIMESTAMP WITHOUT TIME ZONE DEFAULT now() NOT NULL, 
	PRIMARY KEY (id), 
	CONSTRAINT check_price_positive CHECK (price > 0), 
	CONSTRAINT check_quantity_non_negative CHECK (quantity >= 0), 
	UNIQUE (sku)
)


[2026-08-31 14:33:55,961] INFO in base: [no key 0.00020s] ()
[2026-08-31 14:33:55,963] INFO in base: COMMIT
[2026-08-31 14:33:55,967] INFO in _client: HTTP Request: POST http://test/api/v1/products "HTTP/1.1 422 Unprocessable Content"
[2026-08-31 14:33:56,003] INFO in base: BEGIN (implicit)
[2026-08-31 14:33:56,004] INFO in base: SELECT pg_catalog.pg_class.relname 
FROM pg_catalog.pg_class JOIN pg_catalog.pg_namespace ON pg_catalog.pg_namespace.oid = pg_catalog.pg_class.relnamespace 
WHERE pg_catalog.pg_class.relname = $1::VARCHAR AND pg_catalog.pg_class.relkind = ANY (ARRAY[$2::VARCHAR, $3::VARCHAR, $4::VARCHAR, $5::VARCHAR, $6::VARCHAR]) AND pg_catalog.pg_table_is_visible(pg_catalog.pg_class.oid) AND pg_catalog.pg_namespace.nspname != $7::VARCHAR
[2026-08-31 14:33:56,004] INFO in base: [cached since 0.3981s ago] ('products', 'r', 'p', 'f', 'v', 'm', 'pg_catalog')
[2026-08-31 14:33:56,005] INFO in base: 
DROP TABLE products
[2026-08-31 14:33:56,005] INFO in base: [no key 0.00014s] ()
[2026-08-31 14:33:56,007] INFO in base: SELECT pg_catalog.pg_type.typname 
FROM pg_catalog.pg_type JOIN pg_catalog.pg_namespace ON pg_catalog.pg_namespace.oid = pg_catalog.pg_type.typnamespace 
WHERE pg_catalog.pg_type.typname = $1::VARCHAR AND pg_catalog.pg_type_is_visible(pg_catalog.pg_type.oid) AND pg_catalog.pg_namespace.nspname != $2::VARCHAR
[2026-08-31 14:33:56,007] INFO in base: [cached since 0.3974s ago] ('currency_enum', 'pg_catalog')
[2026-08-31 14:33:56,009] INFO in base: DROP TYPE currency_enum
[2026-08-31 14:33:56,009] INFO in base: [no key 0.00028s] ()
[2026-08-31 14:33:56,010] INFO in base: COMMIT
[2026-08-31 14:35:08,826] INFO in base: select pg_catalog.version()
[2026-08-31 14:35:08,827] INFO in base: [raw sql] ()
[2026-08-31 14:35:08,832] INFO in base: select current_schema()
[2026-08-31 14:35:08,832] INFO in base: [raw sql] ()
[2026-08-31 14:35:08,835] INFO in base: show standard_conforming_strings
[2026-08-31 14:35:08,835] INFO in base: [raw sql] ()
[2026-08-31 14:35:08,837] INFO in base: BEGIN (implicit)
[2026-08-31 14:35:08,846] INFO in base: SELECT pg_catalog.pg_class.relname 
FROM pg_catalog.pg_class JOIN pg_catalog.pg_namespace ON pg_catalog.pg_namespace.oid = pg_catalog.pg_class.relnamespace 
WHERE pg_catalog.pg_class.relname = $1::VARCHAR AND pg_catalog.pg_class.relkind = ANY (ARRAY[$2::VARCHAR, $3::VARCHAR, $4::VARCHAR, $5::VARCHAR, $6::VARCHAR]) AND pg_catalog.pg_table_is_visible(pg_catalog.pg_class.oid) AND pg_catalog.pg_namespace.nspname != $7::VARCHAR
[2026-08-31 14:35:08,846] INFO in base: [generated in 0.00076s] ('products', 'r', 'p', 'f', 'v', 'm', 'pg_catalog')
[2026-08-31 14:35:08,852] INFO in base: SELECT pg_catalog.pg_type.typname 
FROM pg_catalog.pg_type JOIN pg_catalog.pg_namespace ON pg_catalog.pg_namespace.oid = pg_catalog.pg_type.typnamespace 
WHERE pg_catalog.pg_type.typname = $1::VARCHAR AND pg_catalog.pg_type_is_visible(pg_catalog.pg_type.oid) AND pg_catalog.pg_namespace.nspname != $2::VARCHAR
[2026-08-31 14:35:08,853] INFO in base: [generated in 0.00029s] ('currency_enum', 'pg_catalog')
[2026-08-31 14:35:08,855] INFO in base: CREATE TYPE currency_enum AS ENUM ('USD', 'EUR', 'CAD')
[2026-08-31 14:35:08,855] INFO in base: [no key 0.00022s] ()
[2026-08-31 14:35:08,859] INFO in base: 
CREATE TABLE products (
	id SERIAL NOT NULL, 
	name VARCHAR(255) NOT NULL, 
	price NUMERIC(15, 2) NOT NULL, 
	currency currency_enum NOT NULL, 
	sku VARCHAR(100) NOT NULL, 
	quantity NUMERIC(18, 3) NOT NULL, 
	is_active BOOLEAN NOT NULL, 
	created_at TIMESTAMP WITHOUT TIME ZONE DEFAULT now() NOT NULL, 
	updated_at TIMESTAMP WITHOUT TIME ZONE DEFAULT now() NOT NULL, 
	PRIMARY KEY (id), 
	CONSTRAINT check_price_positive CHECK (price > 0), 
	CONSTRAINT check_quantity_non_negative CHECK (quantity >= 0), 
	UNIQUE (sku)
)


[2026-08-31 14:35:08,859] INFO in base: [no key 0.00016s] ()
[2026-08-31 14:35:08,862] INFO in base: COMMIT
[2026-08-31 14:35:08,897] INFO in products_api: Creating new product
[2026-08-31 14:35:08,906] INFO in base: BEGIN (implicit)
[2026-08-31 14:35:08,910] INFO in base: INSERT INTO products (name, price, currency, sku, quantity, is_active) VALUES ($1::VARCHAR, $2::NUMERIC(15, 2), $3::currency_enum, $4::VARCHAR, $5::NUMERIC(18, 3), $6::BOOLEAN) RETURNING products.id, products.created_at, products.updated_at
[2026-08-31 14:35:08,910] INFO in base: [generated in 0.00054s] ('Test Product', Decimal('19.99'), 'USD', 'TESTSKU123', Decimal('-5'), True)
[2026-08-31 14:35:08,922] INFO in base: ROLLBACK
[2026-08-31 14:35:08,923] ERROR in products_api: Error occurred while creating product: ('Invalid product data', '<class \'asyncpg.exceptions.CheckViolationError\'>: new row for relation "products" violates check constraint "check_quantity_non_negative"\nDETAIL:  Failing row contains (1, Test Product, 19.99, USD, TESTSKU123, -5.000, t, 2026-08-31 06:35:08.910866, 2026-08-31 06:35:08.910866).')
[2026-08-31 14:35:08,924] INFO in _client: HTTP Request: POST http://test/api/v1/products "HTTP/1.1 422 Unprocessable Content"
[2026-08-31 14:35:46,185] INFO in base: BEGIN (implicit)
[2026-08-31 14:35:46,186] INFO in base: SELECT pg_catalog.pg_class.relname 
FROM pg_catalog.pg_class JOIN pg_catalog.pg_namespace ON pg_catalog.pg_namespace.oid = pg_catalog.pg_class.relnamespace 
WHERE pg_catalog.pg_class.relname = $1::VARCHAR AND pg_catalog.pg_class.relkind = ANY (ARRAY[$2::VARCHAR, $3::VARCHAR, $4::VARCHAR, $5::VARCHAR, $6::VARCHAR]) AND pg_catalog.pg_table_is_visible(pg_catalog.pg_class.oid) AND pg_catalog.pg_namespace.nspname != $7::VARCHAR
[2026-08-31 14:35:46,187] INFO in base: [cached since 37.34s ago] ('products', 'r', 'p', 'f', 'v', 'm', 'pg_catalog')
[2026-08-31 14:35:46,190] INFO in base: 
DROP TABLE products
[2026-08-31 14:35:46,190] INFO in base: [no key 0.00034s] ()
[2026-08-31 14:35:46,195] INFO in base: SELECT pg_catalog.pg_type.typname 
FROM pg_catalog.pg_type JOIN pg_catalog.pg_namespace ON pg_catalog.pg_namespace.oid = pg_catalog.pg_type.typnamespace 
WHERE pg_catalog.pg_type.typname = $1::VARCHAR AND pg_catalog.pg_type_is_visible(pg_catalog.pg_type.oid) AND pg_catalog.pg_namespace.nspname != $2::VARCHAR
[2026-08-31 14:35:46,195] INFO in base: [cached since 37.34s ago] ('currency_enum', 'pg_catalog')
[2026-08-31 14:35:46,197] INFO in base: DROP TYPE currency_enum
[2026-08-31 14:35:46,197] INFO in base: [no key 0.00024s] ()
[2026-08-31 14:35:46,199] INFO in base: COMMIT
[2026-08-31 14:39:55,244] INFO in base: select pg_catalog.version()
[2026-08-31 14:39:55,244] INFO in base: [raw sql] ()
[2026-08-31 14:39:55,246] INFO in base: select current_schema()
[2026-08-31 14:39:55,246] INFO in base: [raw sql] ()
[2026-08-31 14:39:55,248] INFO in base: show standard_conforming_strings
[2026-08-31 14:39:55,248] INFO in base: [raw sql] ()
[2026-08-31 14:39:55,249] INFO in base: BEGIN (implicit)
[2026-08-31 14:39:55,252] INFO in base: SELECT pg_catalog.pg_class.relname 
FROM pg_catalog.pg_class JOIN pg_catalog.pg_namespace ON pg_catalog.pg_namespace.oid = pg_catalog.pg_class.relnamespace 
WHERE pg_catalog.pg_class.relname = $1::VARCHAR AND pg_catalog.pg_class.relkind = ANY (ARRAY[$2::VARCHAR, $3::VARCHAR, $4::VARCHAR, $5::VARCHAR, $6::VARCHAR]) AND pg_catalog.pg_table_is_visible(pg_catalog.pg_class.oid) AND pg_catalog.pg_namespace.nspname != $7::VARCHAR
[2026-08-31 14:39:55,253] INFO in base: [generated in 0.00023s] ('products', 'r', 'p', 'f', 'v', 'm', 'pg_catalog')
[2026-08-31 14:39:55,257] INFO in base: SELECT pg_catalog.pg_type.typname 
FROM pg_catalog.pg_type JOIN pg_catalog.pg_namespace ON pg_catalog.pg_namespace.oid = pg_catalog.pg_type.typnamespace 
WHERE pg_catalog.pg_type.typname = $1::VARCHAR AND pg_catalog.pg_type_is_visible(pg_catalog.pg_type.oid) AND pg_catalog.pg_namespace.nspname != $2::VARCHAR
[2026-08-31 14:39:55,257] INFO in base: [generated in 0.00022s] ('currency_enum', 'pg_catalog')
[2026-08-31 14:39:55,258] INFO in base: CREATE TYPE currency_enum AS ENUM ('USD', 'EUR', 'CAD')
[2026-08-31 14:39:55,258] INFO in base: [no key 0.00013s] ()
[2026-08-31 14:39:55,260] INFO in base: 
CREATE TABLE products (
	id SERIAL NOT NULL, 
	name VARCHAR(255) NOT NULL, 
	price NUMERIC(15, 2) NOT NULL, 
	currency currency_enum NOT NULL, 
	sku VARCHAR(100) NOT NULL, 
	quantity NUMERIC(18, 3) NOT NULL, 
	is_active BOOLEAN NOT NULL, 
	created_at TIMESTAMP WITHOUT TIME ZONE DEFAULT now() NOT NULL, 
	updated_at TIMESTAMP WITHOUT TIME ZONE DEFAULT now() NOT NULL, 
	PRIMARY KEY (id), 
	CONSTRAINT check_price_positive CHECK (price > 0), 
	CONSTRAINT check_quantity_non_negative CHECK (quantity >= 0), 
	UNIQUE (sku)
)


[2026-08-31 14:39:55,260] INFO in base: [no key 0.00020s] ()
[2026-08-31 14:39:55,263] INFO in base: COMMIT
[2026-08-31 14:39:55,272] INFO in products_api: Creating new product
[2026-08-31 14:39:55,273] INFO in base: BEGIN (implicit)
[2026-08-31 14:39:55,275] INFO in base: INSERT INTO products (name, price, currency, sku, quantity, is_active) VALUES ($1::VARCHAR, $2::NUMERIC(15, 2), $3::currency_enum, $4::VARCHAR, $5::NUMERIC(18, 3), $6::BOOLEAN) RETURNING products.id, products.created_at, products.updated_at
[2026-08-31 14:39:55,275] INFO in base: [generated in 0.00022s] ('Test Product', Decimal('19.99'), 'USD', 'TESTSKU123', Decimal('10'), True)
[2026-08-31 14:39:55,286] INFO in base: COMMIT
[2026-08-31 14:39:55,287] INFO in _client: HTTP Request: POST http://test/api/v1/products "HTTP/1.1 201 Created"
[2026-08-31 14:39:55,289] INFO in base: BEGIN (implicit)
[2026-08-31 14:39:55,289] INFO in base: SELECT pg_catalog.pg_class.relname 
FROM pg_catalog.pg_class JOIN pg_catalog.pg_namespace ON pg_catalog.pg_namespace.oid = pg_catalog.pg_class.relnamespace 
WHERE pg_catalog.pg_class.relname = $1::VARCHAR AND pg_catalog.pg_class.relkind = ANY (ARRAY[$2::VARCHAR, $3::VARCHAR, $4::VARCHAR, $5::VARCHAR, $6::VARCHAR]) AND pg_catalog.pg_table_is_visible(pg_catalog.pg_class.oid) AND pg_catalog.pg_namespace.nspname != $7::VARCHAR
[2026-08-31 14:39:55,289] INFO in base: [cached since 0.03677s ago] ('products', 'r', 'p', 'f', 'v', 'm', 'pg_catalog')
[2026-08-31 14:39:55,291] INFO in base: 
DROP TABLE products
[2026-08-31 14:39:55,291] INFO in base: [no key 0.00015s] ()
[2026-08-31 14:39:55,294] INFO in base: SELECT pg_catalog.pg_type.typname 
FROM pg_catalog.pg_type JOIN pg_catalog.pg_namespace ON pg_catalog.pg_namespace.oid = pg_catalog.pg_type.typnamespace 
WHERE pg_catalog.pg_type.typname = $1::VARCHAR AND pg_catalog.pg_type_is_visible(pg_catalog.pg_type.oid) AND pg_catalog.pg_namespace.nspname != $2::VARCHAR
[2026-08-31 14:39:55,294] INFO in base: [cached since 0.03793s ago] ('currency_enum', 'pg_catalog')
[2026-08-31 14:39:55,296] INFO in base: DROP TYPE currency_enum
[2026-08-31 14:39:55,296] INFO in base: [no key 0.00018s] ()
[2026-08-31 14:39:55,297] INFO in base: COMMIT
[2026-08-31 14:39:55,300] INFO in base: BEGIN (implicit)
[2026-08-31 14:39:55,300] INFO in base: SELECT pg_catalog.pg_class.relname 
FROM pg_catalog.pg_class JOIN pg_catalog.pg_namespace ON pg_catalog.pg_namespace.oid = pg_catalog.pg_class.relnamespace 
WHERE pg_catalog.pg_class.relname = $1::VARCHAR AND pg_catalog.pg_class.relkind = ANY (ARRAY[$2::VARCHAR, $3::VARCHAR, $4::VARCHAR, $5::VARCHAR, $6::VARCHAR]) AND pg_catalog.pg_table_is_visible(pg_catalog.pg_class.oid) AND pg_catalog.pg_namespace.nspname != $7::VARCHAR
[2026-08-31 14:39:55,300] INFO in base: [cached since 0.04799s ago] ('products', 'r', 'p', 'f', 'v', 'm', 'pg_catalog')
[2026-08-31 14:39:55,302] INFO in base: SELECT pg_catalog.pg_type.typname 
FROM pg_catalog.pg_type JOIN pg_catalog.pg_namespace ON pg_catalog.pg_namespace.oid = pg_catalog.pg_type.typnamespace 
WHERE pg_catalog.pg_type.typname = $1::VARCHAR AND pg_catalog.pg_type_is_visible(pg_catalog.pg_type.oid) AND pg_catalog.pg_namespace.nspname != $2::VARCHAR
[2026-08-31 14:39:55,303] INFO in base: [cached since 0.04605s ago] ('currency_enum', 'pg_catalog')
[2026-08-31 14:39:55,304] INFO in base: CREATE TYPE currency_enum AS ENUM ('USD', 'EUR', 'CAD')
[2026-08-31 14:39:55,304] INFO in base: [no key 0.00018s] ()
[2026-08-31 14:39:55,306] INFO in base: 
CREATE TABLE products (
	id SERIAL NOT NULL, 
	name VARCHAR(255) NOT NULL, 
	price NUMERIC(15, 2) NOT NULL, 
	currency currency_enum NOT NULL, 
	sku VARCHAR(100) NOT NULL, 
	quantity NUMERIC(18, 3) NOT NULL, 
	is_active BOOLEAN NOT NULL, 
	created_at TIMESTAMP WITHOUT TIME ZONE DEFAULT now() NOT NULL, 
	updated_at TIMESTAMP WITHOUT TIME ZONE DEFAULT now() NOT NULL, 
	PRIMARY KEY (id), 
	CONSTRAINT check_price_positive CHECK (price > 0), 
	CONSTRAINT check_quantity_non_negative CHECK (quantity >= 0), 
	UNIQUE (sku)
)


[2026-08-31 14:39:55,306] INFO in base: [no key 0.00016s] ()
[2026-08-31 14:39:55,308] INFO in base: COMMIT
[2026-08-31 14:39:55,311] INFO in products_api: Creating new product
[2026-08-31 14:39:55,312] INFO in base: BEGIN (implicit)
[2026-08-31 14:39:55,312] INFO in base: INSERT INTO products (name, price, currency, sku, quantity, is_active) VALUES ($1::VARCHAR, $2::NUMERIC(15, 2), $3::currency_enum, $4::VARCHAR, $5::NUMERIC(18, 3), $6::BOOLEAN) RETURNING products.id, products.created_at, products.updated_at
[2026-08-31 14:39:55,312] INFO in base: [cached since 0.03765s ago] ('Test Product', Decimal('19.99'), 'USD', 'TESTSKU123', Decimal('10'), True)
[2026-08-31 14:39:55,320] INFO in base: COMMIT
[2026-08-31 14:39:55,321] INFO in _client: HTTP Request: POST http://test/api/v1/products "HTTP/1.1 201 Created"
[2026-08-31 14:39:55,323] INFO in products_api: Fetching product with ID: 1
[2026-08-31 14:39:55,323] INFO in base: BEGIN (implicit)
[2026-08-31 14:39:55,325] INFO in base: SELECT products.id AS products_id, products.name AS products_name, products.price AS products_price, products.currency AS products_currency, products.sku AS products_sku, products.quantity AS products_quantity, products.is_active AS products_is_active, products.created_at AS products_created_at, products.updated_at AS products_updated_at 
FROM products 
WHERE products.id = $1::INTEGER
[2026-08-31 14:39:55,325] INFO in base: [generated in 0.00017s] (1,)
[2026-08-31 14:39:55,327] INFO in base: ROLLBACK
[2026-08-31 14:39:55,327] INFO in _client: HTTP Request: GET http://test/api/v1/products/1 "HTTP/1.1 200 OK"
[2026-08-31 14:39:55,328] INFO in base: BEGIN (implicit)
[2026-08-31 14:39:55,329] INFO in base: SELECT pg_catalog.pg_class.relname 
FROM pg_catalog.pg_class JOIN pg_catalog.pg_namespace ON pg_catalog.pg_namespace.oid = pg_catalog.pg_class.relnamespace 
WHERE pg_catalog.pg_class.relname = $1::VARCHAR AND pg_catalog.pg_class.relkind = ANY (ARRAY[$2::VARCHAR, $3::VARCHAR, $4::VARCHAR, $5::VARCHAR, $6::VARCHAR]) AND pg_catalog.pg_table_is_visible(pg_catalog.pg_class.oid) AND pg_catalog.pg_namespace.nspname != $7::VARCHAR
[2026-08-31 14:39:55,329] INFO in base: [cached since 0.0764s ago] ('products', 'r', 'p', 'f', 'v', 'm', 'pg_catalog')
[2026-08-31 14:39:55,330] INFO in base: 
DROP TABLE products
[2026-08-31 14:39:55,330] INFO in base: [no key 0.00014s] ()
[2026-08-31 14:39:55,333] INFO in base: SELECT pg_catalog.pg_type.typname 
FROM pg_catalog.pg_type JOIN pg_catalog.pg_namespace ON pg_catalog.pg_namespace.oid = pg_catalog.pg_type.typnamespace 
WHERE pg_catalog.pg_type.typname = $1::VARCHAR AND pg_catalog.pg_type_is_visible(pg_catalog.pg_type.oid) AND pg_catalog.pg_namespace.nspname != $2::VARCHAR
[2026-08-31 14:39:55,333] INFO in base: [cached since 0.07616s ago] ('currency_enum', 'pg_catalog')
[2026-08-31 14:39:55,334] INFO in base: DROP TYPE currency_enum
[2026-08-31 14:39:55,334] INFO in base: [no key 0.00019s] ()
[2026-08-31 14:39:55,335] INFO in base: COMMIT
[2026-08-31 14:39:55,338] INFO in base: BEGIN (implicit)
[2026-08-31 14:39:55,338] INFO in base: SELECT pg_catalog.pg_class.relname 
FROM pg_catalog.pg_class JOIN pg_catalog.pg_namespace ON pg_catalog.pg_namespace.oid = pg_catalog.pg_class.relnamespace 
WHERE pg_catalog.pg_class.relname = $1::VARCHAR AND pg_catalog.pg_class.relkind = ANY (ARRAY[$2::VARCHAR, $3::VARCHAR, $4::VARCHAR, $5::VARCHAR, $6::VARCHAR]) AND pg_catalog.pg_table_is_visible(pg_catalog.pg_class.oid) AND pg_catalog.pg_namespace.nspname != $7::VARCHAR
[2026-08-31 14:39:55,338] INFO in base: [cached since 0.08576s ago] ('products', 'r', 'p', 'f', 'v', 'm', 'pg_catalog')
[2026-08-31 14:39:55,340] INFO in base: SELECT pg_catalog.pg_type.typname 
FROM pg_catalog.pg_type JOIN pg_catalog.pg_namespace ON pg_catalog.pg_namespace.oid = pg_catalog.pg_type.typnamespace 
WHERE pg_catalog.pg_type.typname = $1::VARCHAR AND pg_catalog.pg_type_is_visible(pg_catalog.pg_type.oid) AND pg_catalog.pg_namespace.nspname != $2::VARCHAR
[2026-08-31 14:39:55,340] INFO in base: [cached since 0.08387s ago] ('currency_enum', 'pg_catalog')
[2026-08-31 14:39:55,342] INFO in base: CREATE TYPE currency_enum AS ENUM ('USD', 'EUR', 'CAD')
[2026-08-31 14:39:55,342] INFO in base: [no key 0.00019s] ()
[2026-08-31 14:39:55,344] INFO in base: 
CREATE TABLE products (
	id SERIAL NOT NULL, 
	name VARCHAR(255) NOT NULL, 
	price NUMERIC(15, 2) NOT NULL, 
	currency currency_enum NOT NULL, 
	sku VARCHAR(100) NOT NULL, 
	quantity NUMERIC(18, 3) NOT NULL, 
	is_active BOOLEAN NOT NULL, 
	created_at TIMESTAMP WITHOUT TIME ZONE DEFAULT now() NOT NULL, 
	updated_at TIMESTAMP WITHOUT TIME ZONE DEFAULT now() NOT NULL, 
	PRIMARY KEY (id), 
	CONSTRAINT check_price_positive CHECK (price > 0), 
	CONSTRAINT check_quantity_non_negative CHECK (quantity >= 0), 
	UNIQUE (sku)
)


[2026-08-31 14:39:55,344] INFO in base: [no key 0.00017s] ()
[2026-08-31 14:39:55,347] INFO in base: COMMIT
[2026-08-31 14:39:55,350] INFO in products_api: Fetching product with ID: 999999
[2026-08-31 14:39:55,350] INFO in base: BEGIN (implicit)
[2026-08-31 14:39:55,350] INFO in base: SELECT products.id AS products_id, products.name AS products_name, products.price AS products_price, products.currency AS products_currency, products.sku AS products_sku, products.quantity AS products_quantity, products.is_active AS products_is_active, products.created_at AS products_created_at, products.updated_at AS products_updated_at 
FROM products 
WHERE products.id = $1::INTEGER
[2026-08-31 14:39:55,350] INFO in base: [cached since 0.02595s ago] (999999,)
[2026-08-31 14:39:55,357] ERROR in products_api: Error occurred while fetching product: Product not found
[2026-08-31 14:39:55,357] INFO in base: ROLLBACK
[2026-08-31 14:39:55,358] INFO in _client: HTTP Request: GET http://test/api/v1/products/999999 "HTTP/1.1 404 Not Found"
[2026-08-31 14:39:55,359] INFO in base: BEGIN (implicit)
[2026-08-31 14:39:55,359] INFO in base: SELECT pg_catalog.pg_class.relname 
FROM pg_catalog.pg_class JOIN pg_catalog.pg_namespace ON pg_catalog.pg_namespace.oid = pg_catalog.pg_class.relnamespace 
WHERE pg_catalog.pg_class.relname = $1::VARCHAR AND pg_catalog.pg_class.relkind = ANY (ARRAY[$2::VARCHAR, $3::VARCHAR, $4::VARCHAR, $5::VARCHAR, $6::VARCHAR]) AND pg_catalog.pg_table_is_visible(pg_catalog.pg_class.oid) AND pg_catalog.pg_namespace.nspname != $7::VARCHAR
[2026-08-31 14:39:55,359] INFO in base: [cached since 0.107s ago] ('products', 'r', 'p', 'f', 'v', 'm', 'pg_catalog')
[2026-08-31 14:39:55,361] INFO in base: 
DROP TABLE products
[2026-08-31 14:39:55,361] INFO in base: [no key 0.00016s] ()
[2026-08-31 14:39:55,363] INFO in base: SELECT pg_catalog.pg_type.typname 
FROM pg_catalog.pg_type JOIN pg_catalog.pg_namespace ON pg_catalog.pg_namespace.oid = pg_catalog.pg_type.typnamespace 
WHERE pg_catalog.pg_type.typname = $1::VARCHAR AND pg_catalog.pg_type_is_visible(pg_catalog.pg_type.oid) AND pg_catalog.pg_namespace.nspname != $2::VARCHAR
[2026-08-31 14:39:55,363] INFO in base: [cached since 0.1065s ago] ('currency_enum', 'pg_catalog')
[2026-08-31 14:39:55,364] INFO in base: DROP TYPE currency_enum
[2026-08-31 14:39:55,364] INFO in base: [no key 0.00014s] ()
[2026-08-31 14:39:55,365] INFO in base: COMMIT
[2026-08-31 14:39:55,368] INFO in base: BEGIN (implicit)
[2026-08-31 14:39:55,368] INFO in base: SELECT pg_catalog.pg_class.relname 
FROM pg_catalog.pg_class JOIN pg_catalog.pg_namespace ON pg_catalog.pg_namespace.oid = pg_catalog.pg_class.relnamespace 
WHERE pg_catalog.pg_class.relname = $1::VARCHAR AND pg_catalog.pg_class.relkind = ANY (ARRAY[$2::VARCHAR, $3::VARCHAR, $4::VARCHAR, $5::VARCHAR, $6::VARCHAR]) AND pg_catalog.pg_table_is_visible(pg_catalog.pg_class.oid) AND pg_catalog.pg_namespace.nspname != $7::VARCHAR
[2026-08-31 14:39:55,368] INFO in base: [cached since 0.1159s ago] ('products', 'r', 'p', 'f', 'v', 'm', 'pg_catalog')
[2026-08-31 14:39:55,370] INFO in base: SELECT pg_catalog.pg_type.typname 
FROM pg_catalog.pg_type JOIN pg_catalog.pg_namespace ON pg_catalog.pg_namespace.oid = pg_catalog.pg_type.typnamespace 
WHERE pg_catalog.pg_type.typname = $1::VARCHAR AND pg_catalog.pg_type_is_visible(pg_catalog.pg_type.oid) AND pg_catalog.pg_namespace.nspname != $2::VARCHAR
[2026-08-31 14:39:55,371] INFO in base: [cached since 0.114s ago] ('currency_enum', 'pg_catalog')
[2026-08-31 14:39:55,372] INFO in base: CREATE TYPE currency_enum AS ENUM ('USD', 'EUR', 'CAD')
[2026-08-31 14:39:55,372] INFO in base: [no key 0.00017s] ()
[2026-08-31 14:39:55,373] INFO in base: 
CREATE TABLE products (
	id SERIAL NOT NULL, 
	name VARCHAR(255) NOT NULL, 
	price NUMERIC(15, 2) NOT NULL, 
	currency currency_enum NOT NULL, 
	sku VARCHAR(100) NOT NULL, 
	quantity NUMERIC(18, 3) NOT NULL, 
	is_active BOOLEAN NOT NULL, 
	created_at TIMESTAMP WITHOUT TIME ZONE DEFAULT now() NOT NULL, 
	updated_at TIMESTAMP WITHOUT TIME ZONE DEFAULT now() NOT NULL, 
	PRIMARY KEY (id), 
	CONSTRAINT check_price_positive CHECK (price > 0), 
	CONSTRAINT check_quantity_non_negative CHECK (quantity >= 0), 
	UNIQUE (sku)
)


[2026-08-31 14:39:55,374] INFO in base: [no key 0.00014s] ()
[2026-08-31 14:39:55,376] INFO in base: COMMIT
[2026-08-31 14:39:55,379] INFO in products_api: Creating new product
[2026-08-31 14:39:55,379] INFO in base: BEGIN (implicit)
[2026-08-31 14:39:55,380] INFO in base: INSERT INTO products (name, price, currency, sku, quantity, is_active) VALUES ($1::VARCHAR, $2::NUMERIC(15, 2), $3::currency_enum, $4::VARCHAR, $5::NUMERIC(18, 3), $6::BOOLEAN) RETURNING products.id, products.created_at, products.updated_at
[2026-08-31 14:39:55,380] INFO in base: [cached since 0.1054s ago] ('Test Product', Decimal('19.99'), 'USD', 'TESTSKU123', Decimal('10'), True)
[2026-08-31 14:39:55,387] INFO in base: COMMIT
[2026-08-31 14:39:55,388] INFO in _client: HTTP Request: POST http://test/api/v1/products "HTTP/1.1 201 Created"
[2026-08-31 14:39:55,390] INFO in products_api: Deleting product with ID: 1
[2026-08-31 14:39:55,390] INFO in base: BEGIN (implicit)
[2026-08-31 14:39:55,390] INFO in base: SELECT products.id AS products_id, products.name AS products_name, products.price AS products_price, products.currency AS products_currency, products.sku AS products_sku, products.quantity AS products_quantity, products.is_active AS products_is_active, products.created_at AS products_created_at, products.updated_at AS products_updated_at 
FROM products 
WHERE products.id = $1::INTEGER
[2026-08-31 14:39:55,390] INFO in base: [cached since 0.0659s ago] (1,)
[2026-08-31 14:39:55,393] INFO in base: UPDATE products SET is_active=$1::BOOLEAN, updated_at=now() WHERE products.id = $2::INTEGER
[2026-08-31 14:39:55,393] INFO in base: [generated in 0.00021s] (False, 1)
[2026-08-31 14:39:55,394] INFO in base: COMMIT
[2026-08-31 14:39:55,395] INFO in _client: HTTP Request: DELETE http://test/api/v1/products/1 "HTTP/1.1 204 No Content"
[2026-08-31 14:39:55,397] INFO in products_api: Fetching product with ID: 1
[2026-08-31 14:39:55,397] INFO in base: BEGIN (implicit)
[2026-08-31 14:39:55,397] INFO in base: SELECT products.id AS products_id, products.name AS products_name, products.price AS products_price, products.currency AS products_currency, products.sku AS products_sku, products.quantity AS products_quantity, products.is_active AS products_is_active, products.created_at AS products_created_at, products.updated_at AS products_updated_at 
FROM products 
WHERE products.id = $1::INTEGER
[2026-08-31 14:39:55,397] INFO in base: [cached since 0.07273s ago] (1,)
[2026-08-31 14:39:55,398] ERROR in products_api: Error occurred while fetching product: Product not found
[2026-08-31 14:39:55,398] INFO in base: ROLLBACK
[2026-08-31 14:39:55,399] INFO in _client: HTTP Request: GET http://test/api/v1/products/1 "HTTP/1.1 404 Not Found"
[2026-08-31 14:39:55,400] INFO in base: BEGIN (implicit)
[2026-08-31 14:39:55,400] INFO in base: SELECT pg_catalog.pg_class.relname 
FROM pg_catalog.pg_class JOIN pg_catalog.pg_namespace ON pg_catalog.pg_namespace.oid = pg_catalog.pg_class.relnamespace 
WHERE pg_catalog.pg_class.relname = $1::VARCHAR AND pg_catalog.pg_class.relkind = ANY (ARRAY[$2::VARCHAR, $3::VARCHAR, $4::VARCHAR, $5::VARCHAR, $6::VARCHAR]) AND pg_catalog.pg_table_is_visible(pg_catalog.pg_class.oid) AND pg_catalog.pg_namespace.nspname != $7::VARCHAR
[2026-08-31 14:39:55,400] INFO in base: [cached since 0.1481s ago] ('products', 'r', 'p', 'f', 'v', 'm', 'pg_catalog')
[2026-08-31 14:39:55,402] INFO in base: 
DROP TABLE products
[2026-08-31 14:39:55,402] INFO in base: [no key 0.00014s] ()
[2026-08-31 14:39:55,404] INFO in base: SELECT pg_catalog.pg_type.typname 
FROM pg_catalog.pg_type JOIN pg_catalog.pg_namespace ON pg_catalog.pg_namespace.oid = pg_catalog.pg_type.typnamespace 
WHERE pg_catalog.pg_type.typname = $1::VARCHAR AND pg_catalog.pg_type_is_visible(pg_catalog.pg_type.oid) AND pg_catalog.pg_namespace.nspname != $2::VARCHAR
[2026-08-31 14:39:55,404] INFO in base: [cached since 0.1479s ago] ('currency_enum', 'pg_catalog')
[2026-08-31 14:39:55,406] INFO in base: DROP TYPE currency_enum
[2026-08-31 14:39:55,406] INFO in base: [no key 0.00019s] ()
[2026-08-31 14:39:55,407] INFO in base: COMMIT
[2026-08-31 14:39:55,409] INFO in base: BEGIN (implicit)
[2026-08-31 14:39:55,410] INFO in base: SELECT pg_catalog.pg_class.relname 
FROM pg_catalog.pg_class JOIN pg_catalog.pg_namespace ON pg_catalog.pg_namespace.oid = pg_catalog.pg_class.relnamespace 
WHERE pg_catalog.pg_class.relname = $1::VARCHAR AND pg_catalog.pg_class.relkind = ANY (ARRAY[$2::VARCHAR, $3::VARCHAR, $4::VARCHAR, $5::VARCHAR, $6::VARCHAR]) AND pg_catalog.pg_table_is_visible(pg_catalog.pg_class.oid) AND pg_catalog.pg_namespace.nspname != $7::VARCHAR
[2026-08-31 14:39:55,410] INFO in base: [cached since 0.1573s ago] ('products', 'r', 'p', 'f', 'v', 'm', 'pg_catalog')
[2026-08-31 14:39:55,412] INFO in base: SELECT pg_catalog.pg_type.typname 
FROM pg_catalog.pg_type JOIN pg_catalog.pg_namespace ON pg_catalog.pg_namespace.oid = pg_catalog.pg_type.typnamespace 
WHERE pg_catalog.pg_type.typname = $1::VARCHAR AND pg_catalog.pg_type_is_visible(pg_catalog.pg_type.oid) AND pg_catalog.pg_namespace.nspname != $2::VARCHAR
[2026-08-31 14:39:55,412] INFO in base: [cached since 0.1553s ago] ('currency_enum', 'pg_catalog')
[2026-08-31 14:39:55,413] INFO in base: CREATE TYPE currency_enum AS ENUM ('USD', 'EUR', 'CAD')
[2026-08-31 14:39:55,414] INFO in base: [no key 0.00023s] ()
[2026-08-31 14:39:55,415] INFO in base: 
CREATE TABLE products (
	id SERIAL NOT NULL, 
	name VARCHAR(255) NOT NULL, 
	price NUMERIC(15, 2) NOT NULL, 
	currency currency_enum NOT NULL, 
	sku VARCHAR(100) NOT NULL, 
	quantity NUMERIC(18, 3) NOT NULL, 
	is_active BOOLEAN NOT NULL, 
	created_at TIMESTAMP WITHOUT TIME ZONE DEFAULT now() NOT NULL, 
	updated_at TIMESTAMP WITHOUT TIME ZONE DEFAULT now() NOT NULL, 
	PRIMARY KEY (id), 
	CONSTRAINT check_price_positive CHECK (price > 0), 
	CONSTRAINT check_quantity_non_negative CHECK (quantity >= 0), 
	UNIQUE (sku)
)


[2026-08-31 14:39:55,415] INFO in base: [no key 0.00022s] ()
[2026-08-31 14:39:55,418] INFO in base: COMMIT
[2026-08-31 14:39:55,421] INFO in products_api: Creating new product
[2026-08-31 14:39:55,421] INFO in base: BEGIN (implicit)
[2026-08-31 14:39:55,421] INFO in base: INSERT INTO products (name, price, currency, sku, quantity, is_active) VALUES ($1::VARCHAR, $2::NUMERIC(15, 2), $3::currency_enum, $4::VARCHAR, $5::NUMERIC(18, 3), $6::BOOLEAN) RETURNING products.id, products.created_at, products.updated_at
[2026-08-31 14:39:55,421] INFO in base: [cached since 0.1469s ago] ('Test Product', Decimal('19.99'), 'USD', 'TESTSKU123', Decimal('10'), True)
[2026-08-31 14:39:55,428] INFO in base: COMMIT
[2026-08-31 14:39:55,430] INFO in _client: HTTP Request: POST http://test/api/v1/products "HTTP/1.1 201 Created"
[2026-08-31 14:39:55,431] INFO in products_api: Updating product with ID: 1
[2026-08-31 14:39:55,432] INFO in base: BEGIN (implicit)
[2026-08-31 14:39:55,432] INFO in base: SELECT products.id AS products_id, products.name AS products_name, products.price AS products_price, products.currency AS products_currency, products.sku AS products_sku, products.quantity AS products_quantity, products.is_active AS products_is_active, products.created_at AS products_created_at, products.updated_at AS products_updated_at 
FROM products 
WHERE products.id = $1::INTEGER
[2026-08-31 14:39:55,432] INFO in base: [cached since 0.1075s ago] (1,)
[2026-08-31 14:39:55,434] INFO in base: UPDATE products SET price=$1::NUMERIC(15, 2), updated_at=now() WHERE products.id = $2::INTEGER
[2026-08-31 14:39:55,434] INFO in base: [generated in 0.00019s] (Decimal('29.99'), 1)
[2026-08-31 14:39:55,435] INFO in base: COMMIT
[2026-08-31 14:39:55,437] INFO in _client: HTTP Request: PUT http://test/api/v1/products/1 "HTTP/1.1 200 OK"
[2026-08-31 14:39:55,438] INFO in products_api: Fetching product with ID: 1
[2026-08-31 14:39:55,438] INFO in base: BEGIN (implicit)
[2026-08-31 14:39:55,438] INFO in base: SELECT products.id AS products_id, products.name AS products_name, products.price AS products_price, products.currency AS products_currency, products.sku AS products_sku, products.quantity AS products_quantity, products.is_active AS products_is_active, products.created_at AS products_created_at, products.updated_at AS products_updated_at 
FROM products 
WHERE products.id = $1::INTEGER
[2026-08-31 14:39:55,438] INFO in base: [cached since 0.1139s ago] (1,)
[2026-08-31 14:39:55,440] INFO in base: ROLLBACK
[2026-08-31 14:39:55,440] INFO in _client: HTTP Request: GET http://test/api/v1/products/1 "HTTP/1.1 200 OK"
[2026-08-31 14:39:55,441] INFO in base: BEGIN (implicit)
[2026-08-31 14:39:55,441] INFO in base: SELECT pg_catalog.pg_class.relname 
FROM pg_catalog.pg_class JOIN pg_catalog.pg_namespace ON pg_catalog.pg_namespace.oid = pg_catalog.pg_class.relnamespace 
WHERE pg_catalog.pg_class.relname = $1::VARCHAR AND pg_catalog.pg_class.relkind = ANY (ARRAY[$2::VARCHAR, $3::VARCHAR, $4::VARCHAR, $5::VARCHAR, $6::VARCHAR]) AND pg_catalog.pg_table_is_visible(pg_catalog.pg_class.oid) AND pg_catalog.pg_namespace.nspname != $7::VARCHAR
[2026-08-31 14:39:55,441] INFO in base: [cached since 0.1889s ago] ('products', 'r', 'p', 'f', 'v', 'm', 'pg_catalog')
[2026-08-31 14:39:55,443] INFO in base: 
DROP TABLE products
[2026-08-31 14:39:55,443] INFO in base: [no key 0.00016s] ()
[2026-08-31 14:39:55,445] INFO in base: SELECT pg_catalog.pg_type.typname 
FROM pg_catalog.pg_type JOIN pg_catalog.pg_namespace ON pg_catalog.pg_namespace.oid = pg_catalog.pg_type.typnamespace 
WHERE pg_catalog.pg_type.typname = $1::VARCHAR AND pg_catalog.pg_type_is_visible(pg_catalog.pg_type.oid) AND pg_catalog.pg_namespace.nspname != $2::VARCHAR
[2026-08-31 14:39:55,445] INFO in base: [cached since 0.189s ago] ('currency_enum', 'pg_catalog')
[2026-08-31 14:39:55,447] INFO in base: DROP TYPE currency_enum
[2026-08-31 14:39:55,447] INFO in base: [no key 0.00024s] ()
[2026-08-31 14:39:55,448] INFO in base: COMMIT
[2026-08-31 14:39:55,450] INFO in base: BEGIN (implicit)
[2026-08-31 14:39:55,451] INFO in base: SELECT pg_catalog.pg_class.relname 
FROM pg_catalog.pg_class JOIN pg_catalog.pg_namespace ON pg_catalog.pg_namespace.oid = pg_catalog.pg_class.relnamespace 
WHERE pg_catalog.pg_class.relname = $1::VARCHAR AND pg_catalog.pg_class.relkind = ANY (ARRAY[$2::VARCHAR, $3::VARCHAR, $4::VARCHAR, $5::VARCHAR, $6::VARCHAR]) AND pg_catalog.pg_table_is_visible(pg_catalog.pg_class.oid) AND pg_catalog.pg_namespace.nspname != $7::VARCHAR
[2026-08-31 14:39:55,451] INFO in base: [cached since 0.1985s ago] ('products', 'r', 'p', 'f', 'v', 'm', 'pg_catalog')
[2026-08-31 14:39:55,453] INFO in base: SELECT pg_catalog.pg_type.typname 
FROM pg_catalog.pg_type JOIN pg_catalog.pg_namespace ON pg_catalog.pg_namespace.oid = pg_catalog.pg_type.typnamespace 
WHERE pg_catalog.pg_type.typname = $1::VARCHAR AND pg_catalog.pg_type_is_visible(pg_catalog.pg_type.oid) AND pg_catalog.pg_namespace.nspname != $2::VARCHAR
[2026-08-31 14:39:55,453] INFO in base: [cached since 0.1967s ago] ('currency_enum', 'pg_catalog')
[2026-08-31 14:39:55,455] INFO in base: CREATE TYPE currency_enum AS ENUM ('USD', 'EUR', 'CAD')
[2026-08-31 14:39:55,455] INFO in base: [no key 0.00019s] ()
[2026-08-31 14:39:55,456] INFO in base: 
CREATE TABLE products (
	id SERIAL NOT NULL, 
	name VARCHAR(255) NOT NULL, 
	price NUMERIC(15, 2) NOT NULL, 
	currency currency_enum NOT NULL, 
	sku VARCHAR(100) NOT NULL, 
	quantity NUMERIC(18, 3) NOT NULL, 
	is_active BOOLEAN NOT NULL, 
	created_at TIMESTAMP WITHOUT TIME ZONE DEFAULT now() NOT NULL, 
	updated_at TIMESTAMP WITHOUT TIME ZONE DEFAULT now() NOT NULL, 
	PRIMARY KEY (id), 
	CONSTRAINT check_price_positive CHECK (price > 0), 
	CONSTRAINT check_quantity_non_negative CHECK (quantity >= 0), 
	UNIQUE (sku)
)


[2026-08-31 14:39:55,456] INFO in base: [no key 0.00014s] ()
[2026-08-31 14:39:55,458] INFO in base: COMMIT
[2026-08-31 14:39:55,461] INFO in products_api: Creating new product
[2026-08-31 14:39:55,462] INFO in base: BEGIN (implicit)
[2026-08-31 14:39:55,462] INFO in base: INSERT INTO products (name, price, currency, sku, quantity, is_active) VALUES ($1::VARCHAR, $2::NUMERIC(15, 2), $3::currency_enum, $4::VARCHAR, $5::NUMERIC(18, 3), $6::BOOLEAN) RETURNING products.id, products.created_at, products.updated_at
[2026-08-31 14:39:55,462] INFO in base: [cached since 0.1878s ago] ('Test Product', Decimal('19.99'), 'USD', 'TESTSKU123', Decimal('10'), True)
[2026-08-31 14:39:55,469] INFO in base: COMMIT
[2026-08-31 14:39:55,470] INFO in _client: HTTP Request: POST http://test/api/v1/products "HTTP/1.1 201 Created"
[2026-08-31 14:39:55,471] INFO in products_api: Creating new product
[2026-08-31 14:39:55,471] INFO in base: BEGIN (implicit)
[2026-08-31 14:39:55,472] INFO in base: INSERT INTO products (name, price, currency, sku, quantity, is_active) VALUES ($1::VARCHAR, $2::NUMERIC(15, 2), $3::currency_enum, $4::VARCHAR, $5::NUMERIC(18, 3), $6::BOOLEAN) RETURNING products.id, products.created_at, products.updated_at
[2026-08-31 14:39:55,472] INFO in base: [cached since 0.1972s ago] ('Test Product', Decimal('19.99'), 'USD', 'TESTSKU123', Decimal('10'), True)
[2026-08-31 14:39:55,473] INFO in base: ROLLBACK
[2026-08-31 14:39:55,473] ERROR in products_api: Error occurred while creating product: Product already exists
[2026-08-31 14:39:55,474] INFO in _client: HTTP Request: POST http://test/api/v1/products "HTTP/1.1 400 Bad Request"
[2026-08-31 14:39:55,474] INFO in base: BEGIN (implicit)
[2026-08-31 14:39:55,475] INFO in base: SELECT pg_catalog.pg_class.relname 
FROM pg_catalog.pg_class JOIN pg_catalog.pg_namespace ON pg_catalog.pg_namespace.oid = pg_catalog.pg_class.relnamespace 
WHERE pg_catalog.pg_class.relname = $1::VARCHAR AND pg_catalog.pg_class.relkind = ANY (ARRAY[$2::VARCHAR, $3::VARCHAR, $4::VARCHAR, $5::VARCHAR, $6::VARCHAR]) AND pg_catalog.pg_table_is_visible(pg_catalog.pg_class.oid) AND pg_catalog.pg_namespace.nspname != $7::VARCHAR
[2026-08-31 14:39:55,475] INFO in base: [cached since 0.2227s ago] ('products', 'r', 'p', 'f', 'v', 'm', 'pg_catalog')
[2026-08-31 14:39:55,477] INFO in base: 
DROP TABLE products
[2026-08-31 14:39:55,477] INFO in base: [no key 0.00021s] ()
[2026-08-31 14:39:55,480] INFO in base: SELECT pg_catalog.pg_type.typname 
FROM pg_catalog.pg_type JOIN pg_catalog.pg_namespace ON pg_catalog.pg_namespace.oid = pg_catalog.pg_type.typnamespace 
WHERE pg_catalog.pg_type.typname = $1::VARCHAR AND pg_catalog.pg_type_is_visible(pg_catalog.pg_type.oid) AND pg_catalog.pg_namespace.nspname != $2::VARCHAR
[2026-08-31 14:39:55,480] INFO in base: [cached since 0.2232s ago] ('currency_enum', 'pg_catalog')
[2026-08-31 14:39:55,481] INFO in base: DROP TYPE currency_enum
[2026-08-31 14:39:55,482] INFO in base: [no key 0.00024s] ()
[2026-08-31 14:39:55,483] INFO in base: COMMIT
[2026-08-31 14:39:55,485] INFO in base: BEGIN (implicit)
[2026-08-31 14:39:55,486] INFO in base: SELECT pg_catalog.pg_class.relname 
FROM pg_catalog.pg_class JOIN pg_catalog.pg_namespace ON pg_catalog.pg_namespace.oid = pg_catalog.pg_class.relnamespace 
WHERE pg_catalog.pg_class.relname = $1::VARCHAR AND pg_catalog.pg_class.relkind = ANY (ARRAY[$2::VARCHAR, $3::VARCHAR, $4::VARCHAR, $5::VARCHAR, $6::VARCHAR]) AND pg_catalog.pg_table_is_visible(pg_catalog.pg_class.oid) AND pg_catalog.pg_namespace.nspname != $7::VARCHAR
[2026-08-31 14:39:55,486] INFO in base: [cached since 0.2337s ago] ('products', 'r', 'p', 'f', 'v', 'm', 'pg_catalog')
[2026-08-31 14:39:55,489] INFO in base: SELECT pg_catalog.pg_type.typname 
FROM pg_catalog.pg_type JOIN pg_catalog.pg_namespace ON pg_catalog.pg_namespace.oid = pg_catalog.pg_type.typnamespace 
WHERE pg_catalog.pg_type.typname = $1::VARCHAR AND pg_catalog.pg_type_is_visible(pg_catalog.pg_type.oid) AND pg_catalog.pg_namespace.nspname != $2::VARCHAR
[2026-08-31 14:39:55,489] INFO in base: [cached since 0.2323s ago] ('currency_enum', 'pg_catalog')
[2026-08-31 14:39:55,490] INFO in base: CREATE TYPE currency_enum AS ENUM ('USD', 'EUR', 'CAD')
[2026-08-31 14:39:55,490] INFO in base: [no key 0.00016s] ()
[2026-08-31 14:39:55,492] INFO in base: 
CREATE TABLE products (
	id SERIAL NOT NULL, 
	name VARCHAR(255) NOT NULL, 
	price NUMERIC(15, 2) NOT NULL, 
	currency currency_enum NOT NULL, 
	sku VARCHAR(100) NOT NULL, 
	quantity NUMERIC(18, 3) NOT NULL, 
	is_active BOOLEAN NOT NULL, 
	created_at TIMESTAMP WITHOUT TIME ZONE DEFAULT now() NOT NULL, 
	updated_at TIMESTAMP WITHOUT TIME ZONE DEFAULT now() NOT NULL, 
	PRIMARY KEY (id), 
	CONSTRAINT check_price_positive CHECK (price > 0), 
	CONSTRAINT check_quantity_non_negative CHECK (quantity >= 0), 
	UNIQUE (sku)
)


[2026-08-31 14:39:55,492] INFO in base: [no key 0.00015s] ()
[2026-08-31 14:39:55,495] INFO in base: COMMIT
[2026-08-31 14:39:55,498] INFO in products_api: Creating new product
[2026-08-31 14:39:55,499] INFO in base: BEGIN (implicit)
[2026-08-31 14:39:55,499] INFO in base: INSERT INTO products (name, price, currency, sku, quantity, is_active) VALUES ($1::VARCHAR, $2::NUMERIC(15, 2), $3::currency_enum, $4::VARCHAR, $5::NUMERIC(18, 3), $6::BOOLEAN) RETURNING products.id, products.created_at, products.updated_at
[2026-08-31 14:39:55,500] INFO in base: [cached since 0.2251s ago] ('Test Product', Decimal('-10.0'), 'USD', 'TESTSKU123', Decimal('10'), True)
[2026-08-31 14:39:55,507] INFO in base: ROLLBACK
[2026-08-31 14:39:55,508] ERROR in products_api: Error occurred while creating product: ('Invalid product data', '<class \'asyncpg.exceptions.CheckViolationError\'>: new row for relation "products" violates check constraint "check_price_positive"\nDETAIL:  Failing row contains (1, Test Product, -10.00, USD, TESTSKU123, 10.000, t, 2026-08-31 06:39:55.50036, 2026-08-31 06:39:55.50036).')
[2026-08-31 14:39:55,508] INFO in _client: HTTP Request: POST http://test/api/v1/products "HTTP/1.1 422 Unprocessable Content"
[2026-08-31 14:39:55,509] INFO in base: BEGIN (implicit)
[2026-08-31 14:39:55,509] INFO in base: SELECT pg_catalog.pg_class.relname 
FROM pg_catalog.pg_class JOIN pg_catalog.pg_namespace ON pg_catalog.pg_namespace.oid = pg_catalog.pg_class.relnamespace 
WHERE pg_catalog.pg_class.relname = $1::VARCHAR AND pg_catalog.pg_class.relkind = ANY (ARRAY[$2::VARCHAR, $3::VARCHAR, $4::VARCHAR, $5::VARCHAR, $6::VARCHAR]) AND pg_catalog.pg_table_is_visible(pg_catalog.pg_class.oid) AND pg_catalog.pg_namespace.nspname != $7::VARCHAR
[2026-08-31 14:39:55,510] INFO in base: [cached since 0.2573s ago] ('products', 'r', 'p', 'f', 'v', 'm', 'pg_catalog')
[2026-08-31 14:39:55,511] INFO in base: 
DROP TABLE products
[2026-08-31 14:39:55,511] INFO in base: [no key 0.00017s] ()
[2026-08-31 14:39:55,514] INFO in base: SELECT pg_catalog.pg_type.typname 
FROM pg_catalog.pg_type JOIN pg_catalog.pg_namespace ON pg_catalog.pg_namespace.oid = pg_catalog.pg_type.typnamespace 
WHERE pg_catalog.pg_type.typname = $1::VARCHAR AND pg_catalog.pg_type_is_visible(pg_catalog.pg_type.oid) AND pg_catalog.pg_namespace.nspname != $2::VARCHAR
[2026-08-31 14:39:55,514] INFO in base: [cached since 0.2576s ago] ('currency_enum', 'pg_catalog')
[2026-08-31 14:39:55,516] INFO in base: DROP TYPE currency_enum
[2026-08-31 14:39:55,516] INFO in base: [no key 0.00027s] ()
[2026-08-31 14:39:55,517] INFO in base: COMMIT
[2026-08-31 14:39:55,520] INFO in base: BEGIN (implicit)
[2026-08-31 14:39:55,520] INFO in base: SELECT pg_catalog.pg_class.relname 
FROM pg_catalog.pg_class JOIN pg_catalog.pg_namespace ON pg_catalog.pg_namespace.oid = pg_catalog.pg_class.relnamespace 
WHERE pg_catalog.pg_class.relname = $1::VARCHAR AND pg_catalog.pg_class.relkind = ANY (ARRAY[$2::VARCHAR, $3::VARCHAR, $4::VARCHAR, $5::VARCHAR, $6::VARCHAR]) AND pg_catalog.pg_table_is_visible(pg_catalog.pg_class.oid) AND pg_catalog.pg_namespace.nspname != $7::VARCHAR
[2026-08-31 14:39:55,520] INFO in base: [cached since 0.268s ago] ('products', 'r', 'p', 'f', 'v', 'm', 'pg_catalog')
[2026-08-31 14:39:55,523] INFO in base: SELECT pg_catalog.pg_type.typname 
FROM pg_catalog.pg_type JOIN pg_catalog.pg_namespace ON pg_catalog.pg_namespace.oid = pg_catalog.pg_type.typnamespace 
WHERE pg_catalog.pg_type.typname = $1::VARCHAR AND pg_catalog.pg_type_is_visible(pg_catalog.pg_type.oid) AND pg_catalog.pg_namespace.nspname != $2::VARCHAR
[2026-08-31 14:39:55,523] INFO in base: [cached since 0.2664s ago] ('currency_enum', 'pg_catalog')
[2026-08-31 14:39:55,525] INFO in base: CREATE TYPE currency_enum AS ENUM ('USD', 'EUR', 'CAD')
[2026-08-31 14:39:55,525] INFO in base: [no key 0.00018s] ()
[2026-08-31 14:39:55,526] INFO in base: 
CREATE TABLE products (
	id SERIAL NOT NULL, 
	name VARCHAR(255) NOT NULL, 
	price NUMERIC(15, 2) NOT NULL, 
	currency currency_enum NOT NULL, 
	sku VARCHAR(100) NOT NULL, 
	quantity NUMERIC(18, 3) NOT NULL, 
	is_active BOOLEAN NOT NULL, 
	created_at TIMESTAMP WITHOUT TIME ZONE DEFAULT now() NOT NULL, 
	updated_at TIMESTAMP WITHOUT TIME ZONE DEFAULT now() NOT NULL, 
	PRIMARY KEY (id), 
	CONSTRAINT check_price_positive CHECK (price > 0), 
	CONSTRAINT check_quantity_non_negative CHECK (quantity >= 0), 
	UNIQUE (sku)
)


[2026-08-31 14:39:55,526] INFO in base: [no key 0.00017s] ()
[2026-08-31 14:39:55,529] INFO in base: COMMIT
[2026-08-31 14:39:55,533] INFO in _client: HTTP Request: POST http://test/api/v1/products "HTTP/1.1 422 Unprocessable Content"
[2026-08-31 14:39:55,534] INFO in base: BEGIN (implicit)
[2026-08-31 14:39:55,534] INFO in base: SELECT pg_catalog.pg_class.relname 
FROM pg_catalog.pg_class JOIN pg_catalog.pg_namespace ON pg_catalog.pg_namespace.oid = pg_catalog.pg_class.relnamespace 
WHERE pg_catalog.pg_class.relname = $1::VARCHAR AND pg_catalog.pg_class.relkind = ANY (ARRAY[$2::VARCHAR, $3::VARCHAR, $4::VARCHAR, $5::VARCHAR, $6::VARCHAR]) AND pg_catalog.pg_table_is_visible(pg_catalog.pg_class.oid) AND pg_catalog.pg_namespace.nspname != $7::VARCHAR
[2026-08-31 14:39:55,534] INFO in base: [cached since 0.2822s ago] ('products', 'r', 'p', 'f', 'v', 'm', 'pg_catalog')
[2026-08-31 14:39:55,536] INFO in base: 
DROP TABLE products
[2026-08-31 14:39:55,537] INFO in base: [no key 0.00019s] ()
[2026-08-31 14:39:55,539] INFO in base: SELECT pg_catalog.pg_type.typname 
FROM pg_catalog.pg_type JOIN pg_catalog.pg_namespace ON pg_catalog.pg_namespace.oid = pg_catalog.pg_type.typnamespace 
WHERE pg_catalog.pg_type.typname = $1::VARCHAR AND pg_catalog.pg_type_is_visible(pg_catalog.pg_type.oid) AND pg_catalog.pg_namespace.nspname != $2::VARCHAR
[2026-08-31 14:39:55,539] INFO in base: [cached since 0.2823s ago] ('currency_enum', 'pg_catalog')
[2026-08-31 14:39:55,540] INFO in base: DROP TYPE currency_enum
[2026-08-31 14:39:55,541] INFO in base: [no key 0.00020s] ()
[2026-08-31 14:39:55,542] INFO in base: COMMIT
[2026-08-31 14:39:55,544] INFO in base: BEGIN (implicit)
[2026-08-31 14:39:55,545] INFO in base: SELECT pg_catalog.pg_class.relname 
FROM pg_catalog.pg_class JOIN pg_catalog.pg_namespace ON pg_catalog.pg_namespace.oid = pg_catalog.pg_class.relnamespace 
WHERE pg_catalog.pg_class.relname = $1::VARCHAR AND pg_catalog.pg_class.relkind = ANY (ARRAY[$2::VARCHAR, $3::VARCHAR, $4::VARCHAR, $5::VARCHAR, $6::VARCHAR]) AND pg_catalog.pg_table_is_visible(pg_catalog.pg_class.oid) AND pg_catalog.pg_namespace.nspname != $7::VARCHAR
[2026-08-31 14:39:55,545] INFO in base: [cached since 0.2926s ago] ('products', 'r', 'p', 'f', 'v', 'm', 'pg_catalog')
[2026-08-31 14:39:55,547] INFO in base: SELECT pg_catalog.pg_type.typname 
FROM pg_catalog.pg_type JOIN pg_catalog.pg_namespace ON pg_catalog.pg_namespace.oid = pg_catalog.pg_type.typnamespace 
WHERE pg_catalog.pg_type.typname = $1::VARCHAR AND pg_catalog.pg_type_is_visible(pg_catalog.pg_type.oid) AND pg_catalog.pg_namespace.nspname != $2::VARCHAR
[2026-08-31 14:39:55,547] INFO in base: [cached since 0.2908s ago] ('currency_enum', 'pg_catalog')
[2026-08-31 14:39:55,549] INFO in base: CREATE TYPE currency_enum AS ENUM ('USD', 'EUR', 'CAD')
[2026-08-31 14:39:55,549] INFO in base: [no key 0.00022s] ()
[2026-08-31 14:39:55,551] INFO in base: 
CREATE TABLE products (
	id SERIAL NOT NULL, 
	name VARCHAR(255) NOT NULL, 
	price NUMERIC(15, 2) NOT NULL, 
	currency currency_enum NOT NULL, 
	sku VARCHAR(100) NOT NULL, 
	quantity NUMERIC(18, 3) NOT NULL, 
	is_active BOOLEAN NOT NULL, 
	created_at TIMESTAMP WITHOUT TIME ZONE DEFAULT now() NOT NULL, 
	updated_at TIMESTAMP WITHOUT TIME ZONE DEFAULT now() NOT NULL, 
	PRIMARY KEY (id), 
	CONSTRAINT check_price_positive CHECK (price > 0), 
	CONSTRAINT check_quantity_non_negative CHECK (quantity >= 0), 
	UNIQUE (sku)
)


[2026-08-31 14:39:55,551] INFO in base: [no key 0.00020s] ()
[2026-08-31 14:39:55,553] INFO in base: COMMIT
[2026-08-31 14:39:55,557] INFO in _client: HTTP Request: POST http://test/api/v1/products "HTTP/1.1 422 Unprocessable Content"
[2026-08-31 14:39:55,590] INFO in base: BEGIN (implicit)
[2026-08-31 14:39:55,590] INFO in base: SELECT pg_catalog.pg_class.relname 
FROM pg_catalog.pg_class JOIN pg_catalog.pg_namespace ON pg_catalog.pg_namespace.oid = pg_catalog.pg_class.relnamespace 
WHERE pg_catalog.pg_class.relname = $1::VARCHAR AND pg_catalog.pg_class.relkind = ANY (ARRAY[$2::VARCHAR, $3::VARCHAR, $4::VARCHAR, $5::VARCHAR, $6::VARCHAR]) AND pg_catalog.pg_table_is_visible(pg_catalog.pg_class.oid) AND pg_catalog.pg_namespace.nspname != $7::VARCHAR
[2026-08-31 14:39:55,591] INFO in base: [cached since 0.3383s ago] ('products', 'r', 'p', 'f', 'v', 'm', 'pg_catalog')
[2026-08-31 14:39:55,592] INFO in base: 
DROP TABLE products
[2026-08-31 14:39:55,593] INFO in base: [no key 0.00015s] ()
[2026-08-31 14:39:55,594] INFO in base: SELECT pg_catalog.pg_type.typname 
FROM pg_catalog.pg_type JOIN pg_catalog.pg_namespace ON pg_catalog.pg_namespace.oid = pg_catalog.pg_type.typnamespace 
WHERE pg_catalog.pg_type.typname = $1::VARCHAR AND pg_catalog.pg_type_is_visible(pg_catalog.pg_type.oid) AND pg_catalog.pg_namespace.nspname != $2::VARCHAR
[2026-08-31 14:39:55,594] INFO in base: [cached since 0.338s ago] ('currency_enum', 'pg_catalog')
[2026-08-31 14:39:55,596] INFO in base: DROP TYPE currency_enum
[2026-08-31 14:39:55,596] INFO in base: [no key 0.00019s] ()
[2026-08-31 14:39:55,598] INFO in base: COMMIT
[2026-08-31 14:42:19,289] INFO in base: select pg_catalog.version()
[2026-08-31 14:42:19,289] INFO in base: [raw sql] ()
[2026-08-31 14:42:19,295] INFO in base: select current_schema()
[2026-08-31 14:42:19,295] INFO in base: [raw sql] ()
[2026-08-31 14:42:19,297] INFO in base: show standard_conforming_strings
[2026-08-31 14:42:19,297] INFO in base: [raw sql] ()
[2026-08-31 14:42:19,300] INFO in base: BEGIN (implicit)
[2026-08-31 14:42:19,310] INFO in base: SELECT pg_catalog.pg_class.relname 
FROM pg_catalog.pg_class JOIN pg_catalog.pg_namespace ON pg_catalog.pg_namespace.oid = pg_catalog.pg_class.relnamespace 
WHERE pg_catalog.pg_class.relname = $1::VARCHAR AND pg_catalog.pg_class.relkind = ANY (ARRAY[$2::VARCHAR, $3::VARCHAR, $4::VARCHAR, $5::VARCHAR, $6::VARCHAR]) AND pg_catalog.pg_table_is_visible(pg_catalog.pg_class.oid) AND pg_catalog.pg_namespace.nspname != $7::VARCHAR
[2026-08-31 14:42:19,310] INFO in base: [generated in 0.00082s] ('products', 'r', 'p', 'f', 'v', 'm', 'pg_catalog')
[2026-08-31 14:42:19,315] INFO in base: SELECT pg_catalog.pg_type.typname 
FROM pg_catalog.pg_type JOIN pg_catalog.pg_namespace ON pg_catalog.pg_namespace.oid = pg_catalog.pg_type.typnamespace 
WHERE pg_catalog.pg_type.typname = $1::VARCHAR AND pg_catalog.pg_type_is_visible(pg_catalog.pg_type.oid) AND pg_catalog.pg_namespace.nspname != $2::VARCHAR
[2026-08-31 14:42:19,315] INFO in base: [generated in 0.00024s] ('currency_enum', 'pg_catalog')
[2026-08-31 14:42:19,318] INFO in base: CREATE TYPE currency_enum AS ENUM ('USD', 'EUR', 'CAD')
[2026-08-31 14:42:19,318] INFO in base: [no key 0.00025s] ()
[2026-08-31 14:42:19,322] INFO in base: 
CREATE TABLE products (
	id SERIAL NOT NULL, 
	name VARCHAR(255) NOT NULL, 
	price NUMERIC(15, 2) NOT NULL, 
	currency currency_enum NOT NULL, 
	sku VARCHAR(100) NOT NULL, 
	quantity NUMERIC(18, 3) NOT NULL, 
	is_active BOOLEAN NOT NULL, 
	created_at TIMESTAMP WITHOUT TIME ZONE DEFAULT now() NOT NULL, 
	updated_at TIMESTAMP WITHOUT TIME ZONE DEFAULT now() NOT NULL, 
	PRIMARY KEY (id), 
	CONSTRAINT check_price_positive CHECK (price > 0), 
	CONSTRAINT check_quantity_non_negative CHECK (quantity >= 0), 
	UNIQUE (sku)
)


[2026-08-31 14:42:19,322] INFO in base: [no key 0.00020s] ()
[2026-08-31 14:42:19,326] INFO in base: COMMIT
[2026-08-31 14:42:19,352] INFO in products_api: Creating new product
[2026-08-31 14:42:19,360] INFO in base: BEGIN (implicit)
[2026-08-31 14:42:19,364] INFO in base: INSERT INTO products (name, price, currency, sku, quantity, is_active) VALUES ($1::VARCHAR, $2::NUMERIC(15, 2), $3::currency_enum, $4::VARCHAR, $5::NUMERIC(18, 3), $6::BOOLEAN) RETURNING products.id, products.created_at, products.updated_at
[2026-08-31 14:42:19,364] INFO in base: [generated in 0.00057s] ('Test Product', Decimal('19.99'), 'USD', 'TESTSKU123', Decimal('-5'), True)
[2026-08-31 14:42:19,376] INFO in base: ROLLBACK
[2026-08-31 14:43:17,608] ERROR in products_api: Error occurred while creating product: ('Invalid product data', '<class \'asyncpg.exceptions.CheckViolationError\'>: new row for relation "products" violates check constraint "check_quantity_non_negative"\nDETAIL:  Failing row contains (1, Test Product, 19.99, USD, TESTSKU123, -5.000, t, 2026-08-31 06:42:19.365206, 2026-08-31 06:42:19.365206).')
[2026-08-31 14:43:26,133] INFO in _client: HTTP Request: POST http://test/api/v1/products "HTTP/1.1 422 Unprocessable Content"
[2026-08-31 14:43:58,328] INFO in base: BEGIN (implicit)
[2026-08-31 14:43:58,330] INFO in base: SELECT pg_catalog.pg_class.relname 
FROM pg_catalog.pg_class JOIN pg_catalog.pg_namespace ON pg_catalog.pg_namespace.oid = pg_catalog.pg_class.relnamespace 
WHERE pg_catalog.pg_class.relname = $1::VARCHAR AND pg_catalog.pg_class.relkind = ANY (ARRAY[$2::VARCHAR, $3::VARCHAR, $4::VARCHAR, $5::VARCHAR, $6::VARCHAR]) AND pg_catalog.pg_table_is_visible(pg_catalog.pg_class.oid) AND pg_catalog.pg_namespace.nspname != $7::VARCHAR
[2026-08-31 14:43:58,374] INFO in base: [cached since 99.06s ago] ('products', 'r', 'p', 'f', 'v', 'm', 'pg_catalog')
[2026-08-31 14:43:58,377] INFO in base: 
DROP TABLE products
[2026-08-31 14:43:58,378] INFO in base: [no key 0.00060s] ()
[2026-08-31 14:43:58,384] INFO in base: SELECT pg_catalog.pg_type.typname 
FROM pg_catalog.pg_type JOIN pg_catalog.pg_namespace ON pg_catalog.pg_namespace.oid = pg_catalog.pg_type.typnamespace 
WHERE pg_catalog.pg_type.typname = $1::VARCHAR AND pg_catalog.pg_type_is_visible(pg_catalog.pg_type.oid) AND pg_catalog.pg_namespace.nspname != $2::VARCHAR
[2026-08-31 14:43:58,384] INFO in base: [cached since 99.07s ago] ('currency_enum', 'pg_catalog')
[2026-08-31 14:43:58,386] INFO in base: DROP TYPE currency_enum
[2026-08-31 14:43:58,387] INFO in base: [no key 0.00036s] ()
[2026-08-31 14:43:58,388] INFO in base: COMMIT
[2026-08-31 14:44:39,322] INFO in base: select pg_catalog.version()
[2026-08-31 14:44:39,323] INFO in base: [raw sql] ()
[2026-08-31 14:44:39,325] INFO in base: select current_schema()
[2026-08-31 14:44:39,325] INFO in base: [raw sql] ()
[2026-08-31 14:44:39,326] INFO in base: show standard_conforming_strings
[2026-08-31 14:44:39,326] INFO in base: [raw sql] ()
[2026-08-31 14:44:39,327] INFO in base: BEGIN (implicit)
[2026-08-31 14:44:39,330] INFO in base: SELECT pg_catalog.pg_class.relname 
FROM pg_catalog.pg_class JOIN pg_catalog.pg_namespace ON pg_catalog.pg_namespace.oid = pg_catalog.pg_class.relnamespace 
WHERE pg_catalog.pg_class.relname = $1::VARCHAR AND pg_catalog.pg_class.relkind = ANY (ARRAY[$2::VARCHAR, $3::VARCHAR, $4::VARCHAR, $5::VARCHAR, $6::VARCHAR]) AND pg_catalog.pg_table_is_visible(pg_catalog.pg_class.oid) AND pg_catalog.pg_namespace.nspname != $7::VARCHAR
[2026-08-31 14:44:39,330] INFO in base: [generated in 0.00030s] ('products', 'r', 'p', 'f', 'v', 'm', 'pg_catalog')
[2026-08-31 14:44:39,334] INFO in base: SELECT pg_catalog.pg_type.typname 
FROM pg_catalog.pg_type JOIN pg_catalog.pg_namespace ON pg_catalog.pg_namespace.oid = pg_catalog.pg_type.typnamespace 
WHERE pg_catalog.pg_type.typname = $1::VARCHAR AND pg_catalog.pg_type_is_visible(pg_catalog.pg_type.oid) AND pg_catalog.pg_namespace.nspname != $2::VARCHAR
[2026-08-31 14:44:39,334] INFO in base: [generated in 0.00024s] ('currency_enum', 'pg_catalog')
[2026-08-31 14:44:39,335] INFO in base: CREATE TYPE currency_enum AS ENUM ('USD', 'EUR', 'CAD')
[2026-08-31 14:44:39,335] INFO in base: [no key 0.00018s] ()
[2026-08-31 14:44:39,337] INFO in base: 
CREATE TABLE products (
	id SERIAL NOT NULL, 
	name VARCHAR(255) NOT NULL, 
	price NUMERIC(15, 2) NOT NULL, 
	currency currency_enum NOT NULL, 
	sku VARCHAR(100) NOT NULL, 
	quantity NUMERIC(18, 3) NOT NULL, 
	is_active BOOLEAN NOT NULL, 
	created_at TIMESTAMP WITHOUT TIME ZONE DEFAULT now() NOT NULL, 
	updated_at TIMESTAMP WITHOUT TIME ZONE DEFAULT now() NOT NULL, 
	PRIMARY KEY (id), 
	CONSTRAINT check_price_positive CHECK (price > 0), 
	CONSTRAINT check_quantity_non_negative CHECK (quantity >= 0), 
	UNIQUE (sku)
)


[2026-08-31 14:44:39,337] INFO in base: [no key 0.00018s] ()
[2026-08-31 14:44:39,340] INFO in base: COMMIT
[2026-08-31 14:44:39,355] INFO in products_api: Creating new product
[2026-08-31 14:44:39,356] INFO in base: BEGIN (implicit)
[2026-08-31 14:44:39,357] INFO in base: INSERT INTO products (name, price, currency, sku, quantity, is_active) VALUES ($1::VARCHAR, $2::NUMERIC(15, 2), $3::currency_enum, $4::VARCHAR, $5::NUMERIC(18, 3), $6::BOOLEAN) RETURNING products.id, products.created_at, products.updated_at
[2026-08-31 14:44:39,357] INFO in base: [generated in 0.00024s] ('Test Product', Decimal('19.99'), 'USD', 'TESTSKU123', Decimal('10'), True)
[2026-08-31 14:44:39,367] INFO in base: COMMIT
[2026-08-31 14:44:39,368] INFO in _client: HTTP Request: POST http://test/api/v1/products "HTTP/1.1 201 Created"
[2026-08-31 14:44:39,369] INFO in base: BEGIN (implicit)
[2026-08-31 14:44:39,370] INFO in base: SELECT pg_catalog.pg_class.relname 
FROM pg_catalog.pg_class JOIN pg_catalog.pg_namespace ON pg_catalog.pg_namespace.oid = pg_catalog.pg_class.relnamespace 
WHERE pg_catalog.pg_class.relname = $1::VARCHAR AND pg_catalog.pg_class.relkind = ANY (ARRAY[$2::VARCHAR, $3::VARCHAR, $4::VARCHAR, $5::VARCHAR, $6::VARCHAR]) AND pg_catalog.pg_table_is_visible(pg_catalog.pg_class.oid) AND pg_catalog.pg_namespace.nspname != $7::VARCHAR
[2026-08-31 14:44:39,370] INFO in base: [cached since 0.03974s ago] ('products', 'r', 'p', 'f', 'v', 'm', 'pg_catalog')
[2026-08-31 14:44:39,371] INFO in base: 
DROP TABLE products
[2026-08-31 14:44:39,371] INFO in base: [no key 0.00016s] ()
[2026-08-31 14:44:39,374] INFO in base: SELECT pg_catalog.pg_type.typname 
FROM pg_catalog.pg_type JOIN pg_catalog.pg_namespace ON pg_catalog.pg_namespace.oid = pg_catalog.pg_type.typnamespace 
WHERE pg_catalog.pg_type.typname = $1::VARCHAR AND pg_catalog.pg_type_is_visible(pg_catalog.pg_type.oid) AND pg_catalog.pg_namespace.nspname != $2::VARCHAR
[2026-08-31 14:44:39,374] INFO in base: [cached since 0.04021s ago] ('currency_enum', 'pg_catalog')
[2026-08-31 14:44:39,375] INFO in base: DROP TYPE currency_enum
[2026-08-31 14:44:39,375] INFO in base: [no key 0.00022s] ()
[2026-08-31 14:44:39,376] INFO in base: COMMIT
[2026-08-31 14:44:39,379] INFO in base: BEGIN (implicit)
[2026-08-31 14:44:39,379] INFO in base: SELECT pg_catalog.pg_class.relname 
FROM pg_catalog.pg_class JOIN pg_catalog.pg_namespace ON pg_catalog.pg_namespace.oid = pg_catalog.pg_class.relnamespace 
WHERE pg_catalog.pg_class.relname = $1::VARCHAR AND pg_catalog.pg_class.relkind = ANY (ARRAY[$2::VARCHAR, $3::VARCHAR, $4::VARCHAR, $5::VARCHAR, $6::VARCHAR]) AND pg_catalog.pg_table_is_visible(pg_catalog.pg_class.oid) AND pg_catalog.pg_namespace.nspname != $7::VARCHAR
[2026-08-31 14:44:39,379] INFO in base: [cached since 0.04936s ago] ('products', 'r', 'p', 'f', 'v', 'm', 'pg_catalog')
[2026-08-31 14:44:39,381] INFO in base: SELECT pg_catalog.pg_type.typname 
FROM pg_catalog.pg_type JOIN pg_catalog.pg_namespace ON pg_catalog.pg_namespace.oid = pg_catalog.pg_type.typnamespace 
WHERE pg_catalog.pg_type.typname = $1::VARCHAR AND pg_catalog.pg_type_is_visible(pg_catalog.pg_type.oid) AND pg_catalog.pg_namespace.nspname != $2::VARCHAR
[2026-08-31 14:44:39,382] INFO in base: [cached since 0.04786s ago] ('currency_enum', 'pg_catalog')
[2026-08-31 14:44:39,383] INFO in base: CREATE TYPE currency_enum AS ENUM ('USD', 'EUR', 'CAD')
[2026-08-31 14:44:39,383] INFO in base: [no key 0.00019s] ()
[2026-08-31 14:44:39,385] INFO in base: 
CREATE TABLE products (
	id SERIAL NOT NULL, 
	name VARCHAR(255) NOT NULL, 
	price NUMERIC(15, 2) NOT NULL, 
	currency currency_enum NOT NULL, 
	sku VARCHAR(100) NOT NULL, 
	quantity NUMERIC(18, 3) NOT NULL, 
	is_active BOOLEAN NOT NULL, 
	created_at TIMESTAMP WITHOUT TIME ZONE DEFAULT now() NOT NULL, 
	updated_at TIMESTAMP WITHOUT TIME ZONE DEFAULT now() NOT NULL, 
	PRIMARY KEY (id), 
	CONSTRAINT check_price_positive CHECK (price > 0), 
	CONSTRAINT check_quantity_non_negative CHECK (quantity >= 0), 
	UNIQUE (sku)
)


[2026-08-31 14:44:39,385] INFO in base: [no key 0.00015s] ()
[2026-08-31 14:44:39,388] INFO in base: COMMIT
[2026-08-31 14:44:39,391] INFO in products_api: Creating new product
[2026-08-31 14:44:39,391] INFO in base: BEGIN (implicit)
[2026-08-31 14:44:39,392] INFO in base: INSERT INTO products (name, price, currency, sku, quantity, is_active) VALUES ($1::VARCHAR, $2::NUMERIC(15, 2), $3::currency_enum, $4::VARCHAR, $5::NUMERIC(18, 3), $6::BOOLEAN) RETURNING products.id, products.created_at, products.updated_at
[2026-08-31 14:44:39,392] INFO in base: [cached since 0.03473s ago] ('Test Product', Decimal('19.99'), 'USD', 'TESTSKU123', Decimal('10'), True)
[2026-08-31 14:44:39,400] INFO in base: COMMIT
[2026-08-31 14:44:39,402] INFO in _client: HTTP Request: POST http://test/api/v1/products "HTTP/1.1 201 Created"
[2026-08-31 14:44:39,403] INFO in products_api: Fetching product with ID: 1
[2026-08-31 14:44:39,404] INFO in base: BEGIN (implicit)
[2026-08-31 14:44:39,405] INFO in base: SELECT products.id AS products_id, products.name AS products_name, products.price AS products_price, products.currency AS products_currency, products.sku AS products_sku, products.quantity AS products_quantity, products.is_active AS products_is_active, products.created_at AS products_created_at, products.updated_at AS products_updated_at 
FROM products 
WHERE products.id = $1::INTEGER
[2026-08-31 14:44:39,405] INFO in base: [generated in 0.00021s] (1,)
[2026-08-31 14:44:39,407] INFO in base: ROLLBACK
[2026-08-31 14:44:39,408] INFO in _client: HTTP Request: GET http://test/api/v1/products/1 "HTTP/1.1 200 OK"
[2026-08-31 14:44:39,409] INFO in base: BEGIN (implicit)
[2026-08-31 14:44:39,409] INFO in base: SELECT pg_catalog.pg_class.relname 
FROM pg_catalog.pg_class JOIN pg_catalog.pg_namespace ON pg_catalog.pg_namespace.oid = pg_catalog.pg_class.relnamespace 
WHERE pg_catalog.pg_class.relname = $1::VARCHAR AND pg_catalog.pg_class.relkind = ANY (ARRAY[$2::VARCHAR, $3::VARCHAR, $4::VARCHAR, $5::VARCHAR, $6::VARCHAR]) AND pg_catalog.pg_table_is_visible(pg_catalog.pg_class.oid) AND pg_catalog.pg_namespace.nspname != $7::VARCHAR
[2026-08-31 14:44:39,409] INFO in base: [cached since 0.07925s ago] ('products', 'r', 'p', 'f', 'v', 'm', 'pg_catalog')
[2026-08-31 14:44:39,411] INFO in base: 
DROP TABLE products
[2026-08-31 14:44:39,411] INFO in base: [no key 0.00017s] ()
[2026-08-31 14:44:39,413] INFO in base: SELECT pg_catalog.pg_type.typname 
FROM pg_catalog.pg_type JOIN pg_catalog.pg_namespace ON pg_catalog.pg_namespace.oid = pg_catalog.pg_type.typnamespace 
WHERE pg_catalog.pg_type.typname = $1::VARCHAR AND pg_catalog.pg_type_is_visible(pg_catalog.pg_type.oid) AND pg_catalog.pg_namespace.nspname != $2::VARCHAR
[2026-08-31 14:44:39,414] INFO in base: [cached since 0.07988s ago] ('currency_enum', 'pg_catalog')
[2026-08-31 14:44:39,415] INFO in base: DROP TYPE currency_enum
[2026-08-31 14:44:39,415] INFO in base: [no key 0.00020s] ()
[2026-08-31 14:44:39,417] INFO in base: COMMIT
[2026-08-31 14:44:39,419] INFO in base: BEGIN (implicit)
[2026-08-31 14:44:39,419] INFO in base: SELECT pg_catalog.pg_class.relname 
FROM pg_catalog.pg_class JOIN pg_catalog.pg_namespace ON pg_catalog.pg_namespace.oid = pg_catalog.pg_class.relnamespace 
WHERE pg_catalog.pg_class.relname = $1::VARCHAR AND pg_catalog.pg_class.relkind = ANY (ARRAY[$2::VARCHAR, $3::VARCHAR, $4::VARCHAR, $5::VARCHAR, $6::VARCHAR]) AND pg_catalog.pg_table_is_visible(pg_catalog.pg_class.oid) AND pg_catalog.pg_namespace.nspname != $7::VARCHAR
[2026-08-31 14:44:39,420] INFO in base: [cached since 0.08969s ago] ('products', 'r', 'p', 'f', 'v', 'm', 'pg_catalog')
[2026-08-31 14:44:39,422] INFO in base: SELECT pg_catalog.pg_type.typname 
FROM pg_catalog.pg_type JOIN pg_catalog.pg_namespace ON pg_catalog.pg_namespace.oid = pg_catalog.pg_type.typnamespace 
WHERE pg_catalog.pg_type.typname = $1::VARCHAR AND pg_catalog.pg_type_is_visible(pg_catalog.pg_type.oid) AND pg_catalog.pg_namespace.nspname != $2::VARCHAR
[2026-08-31 14:44:39,422] INFO in base: [cached since 0.08854s ago] ('currency_enum', 'pg_catalog')
[2026-08-31 14:44:39,423] INFO in base: CREATE TYPE currency_enum AS ENUM ('USD', 'EUR', 'CAD')
[2026-08-31 14:44:39,424] INFO in base: [no key 0.00016s] ()
[2026-08-31 14:44:39,425] INFO in base: 
CREATE TABLE products (
	id SERIAL NOT NULL, 
	name VARCHAR(255) NOT NULL, 
	price NUMERIC(15, 2) NOT NULL, 
	currency currency_enum NOT NULL, 
	sku VARCHAR(100) NOT NULL, 
	quantity NUMERIC(18, 3) NOT NULL, 
	is_active BOOLEAN NOT NULL, 
	created_at TIMESTAMP WITHOUT TIME ZONE DEFAULT now() NOT NULL, 
	updated_at TIMESTAMP WITHOUT TIME ZONE DEFAULT now() NOT NULL, 
	PRIMARY KEY (id), 
	CONSTRAINT check_price_positive CHECK (price > 0), 
	CONSTRAINT check_quantity_non_negative CHECK (quantity >= 0), 
	UNIQUE (sku)
)


[2026-08-31 14:44:39,425] INFO in base: [no key 0.00017s] ()
[2026-08-31 14:44:39,427] INFO in base: COMMIT
[2026-08-31 14:44:39,430] INFO in products_api: Fetching product with ID: 999999
[2026-08-31 14:44:39,430] INFO in base: BEGIN (implicit)
[2026-08-31 14:44:39,431] INFO in base: SELECT products.id AS products_id, products.name AS products_name, products.price AS products_price, products.currency AS products_currency, products.sku AS products_sku, products.quantity AS products_quantity, products.is_active AS products_is_active, products.created_at AS products_created_at, products.updated_at AS products_updated_at 
FROM products 
WHERE products.id = $1::INTEGER
[2026-08-31 14:44:39,431] INFO in base: [cached since 0.02584s ago] (999999,)
[2026-08-31 14:44:39,437] ERROR in products_api: Error occurred while fetching product: Product not found
[2026-08-31 14:44:39,437] INFO in base: ROLLBACK
[2026-08-31 14:44:39,438] INFO in _client: HTTP Request: GET http://test/api/v1/products/999999 "HTTP/1.1 404 Not Found"
[2026-08-31 14:44:39,439] INFO in base: BEGIN (implicit)
[2026-08-31 14:44:39,439] INFO in base: SELECT pg_catalog.pg_class.relname 
FROM pg_catalog.pg_class JOIN pg_catalog.pg_namespace ON pg_catalog.pg_namespace.oid = pg_catalog.pg_class.relnamespace 
WHERE pg_catalog.pg_class.relname = $1::VARCHAR AND pg_catalog.pg_class.relkind = ANY (ARRAY[$2::VARCHAR, $3::VARCHAR, $4::VARCHAR, $5::VARCHAR, $6::VARCHAR]) AND pg_catalog.pg_table_is_visible(pg_catalog.pg_class.oid) AND pg_catalog.pg_namespace.nspname != $7::VARCHAR
[2026-08-31 14:44:39,439] INFO in base: [cached since 0.1093s ago] ('products', 'r', 'p', 'f', 'v', 'm', 'pg_catalog')
[2026-08-31 14:44:39,441] INFO in base: 
DROP TABLE products
[2026-08-31 14:44:39,441] INFO in base: [no key 0.00016s] ()
[2026-08-31 14:44:39,443] INFO in base: SELECT pg_catalog.pg_type.typname 
FROM pg_catalog.pg_type JOIN pg_catalog.pg_namespace ON pg_catalog.pg_namespace.oid = pg_catalog.pg_type.typnamespace 
WHERE pg_catalog.pg_type.typname = $1::VARCHAR AND pg_catalog.pg_type_is_visible(pg_catalog.pg_type.oid) AND pg_catalog.pg_namespace.nspname != $2::VARCHAR
[2026-08-31 14:44:39,443] INFO in base: [cached since 0.1097s ago] ('currency_enum', 'pg_catalog')
[2026-08-31 14:44:39,445] INFO in base: DROP TYPE currency_enum
[2026-08-31 14:44:39,445] INFO in base: [no key 0.00017s] ()
[2026-08-31 14:44:39,446] INFO in base: COMMIT
[2026-08-31 14:44:39,448] INFO in base: BEGIN (implicit)
[2026-08-31 14:44:39,448] INFO in base: SELECT pg_catalog.pg_class.relname 
FROM pg_catalog.pg_class JOIN pg_catalog.pg_namespace ON pg_catalog.pg_namespace.oid = pg_catalog.pg_class.relnamespace 
WHERE pg_catalog.pg_class.relname = $1::VARCHAR AND pg_catalog.pg_class.relkind = ANY (ARRAY[$2::VARCHAR, $3::VARCHAR, $4::VARCHAR, $5::VARCHAR, $6::VARCHAR]) AND pg_catalog.pg_table_is_visible(pg_catalog.pg_class.oid) AND pg_catalog.pg_namespace.nspname != $7::VARCHAR
[2026-08-31 14:44:39,448] INFO in base: [cached since 0.1185s ago] ('products', 'r', 'p', 'f', 'v', 'm', 'pg_catalog')
[2026-08-31 14:44:39,450] INFO in base: SELECT pg_catalog.pg_type.typname 
FROM pg_catalog.pg_type JOIN pg_catalog.pg_namespace ON pg_catalog.pg_namespace.oid = pg_catalog.pg_type.typnamespace 
WHERE pg_catalog.pg_type.typname = $1::VARCHAR AND pg_catalog.pg_type_is_visible(pg_catalog.pg_type.oid) AND pg_catalog.pg_namespace.nspname != $2::VARCHAR
[2026-08-31 14:44:39,450] INFO in base: [cached since 0.1167s ago] ('currency_enum', 'pg_catalog')
[2026-08-31 14:44:39,452] INFO in base: CREATE TYPE currency_enum AS ENUM ('USD', 'EUR', 'CAD')
[2026-08-31 14:44:39,452] INFO in base: [no key 0.00016s] ()
[2026-08-31 14:44:39,453] INFO in base: 
CREATE TABLE products (
	id SERIAL NOT NULL, 
	name VARCHAR(255) NOT NULL, 
	price NUMERIC(15, 2) NOT NULL, 
	currency currency_enum NOT NULL, 
	sku VARCHAR(100) NOT NULL, 
	quantity NUMERIC(18, 3) NOT NULL, 
	is_active BOOLEAN NOT NULL, 
	created_at TIMESTAMP WITHOUT TIME ZONE DEFAULT now() NOT NULL, 
	updated_at TIMESTAMP WITHOUT TIME ZONE DEFAULT now() NOT NULL, 
	PRIMARY KEY (id), 
	CONSTRAINT check_price_positive CHECK (price > 0), 
	CONSTRAINT check_quantity_non_negative CHECK (quantity >= 0), 
	UNIQUE (sku)
)


[2026-08-31 14:44:39,454] INFO in base: [no key 0.00020s] ()
[2026-08-31 14:44:39,456] INFO in base: COMMIT
[2026-08-31 14:44:39,459] INFO in products_api: Creating new product
[2026-08-31 14:44:39,460] INFO in base: BEGIN (implicit)
[2026-08-31 14:44:39,460] INFO in base: INSERT INTO products (name, price, currency, sku, quantity, is_active) VALUES ($1::VARCHAR, $2::NUMERIC(15, 2), $3::currency_enum, $4::VARCHAR, $5::NUMERIC(18, 3), $6::BOOLEAN) RETURNING products.id, products.created_at, products.updated_at
[2026-08-31 14:44:39,460] INFO in base: [cached since 0.103s ago] ('Test Product', Decimal('19.99'), 'USD', 'TESTSKU123', Decimal('10'), True)
[2026-08-31 14:44:39,467] INFO in base: COMMIT
[2026-08-31 14:44:39,468] INFO in _client: HTTP Request: POST http://test/api/v1/products "HTTP/1.1 201 Created"
[2026-08-31 14:44:39,469] INFO in products_api: Deleting product with ID: 1
[2026-08-31 14:44:39,470] INFO in base: BEGIN (implicit)
[2026-08-31 14:44:39,470] INFO in base: SELECT products.id AS products_id, products.name AS products_name, products.price AS products_price, products.currency AS products_currency, products.sku AS products_sku, products.quantity AS products_quantity, products.is_active AS products_is_active, products.created_at AS products_created_at, products.updated_at AS products_updated_at 
FROM products 
WHERE products.id = $1::INTEGER
[2026-08-31 14:44:39,470] INFO in base: [cached since 0.06538s ago] (1,)
[2026-08-31 14:44:39,473] INFO in base: UPDATE products SET is_active=$1::BOOLEAN, updated_at=now() WHERE products.id = $2::INTEGER
[2026-08-31 14:44:39,473] INFO in base: [generated in 0.00022s] (False, 1)
[2026-08-31 14:44:39,475] INFO in base: COMMIT
[2026-08-31 14:44:39,476] INFO in _client: HTTP Request: DELETE http://test/api/v1/products/1 "HTTP/1.1 204 No Content"
[2026-08-31 14:44:39,477] INFO in products_api: Fetching product with ID: 1
[2026-08-31 14:44:39,477] INFO in base: BEGIN (implicit)
[2026-08-31 14:44:39,477] INFO in base: SELECT products.id AS products_id, products.name AS products_name, products.price AS products_price, products.currency AS products_currency, products.sku AS products_sku, products.quantity AS products_quantity, products.is_active AS products_is_active, products.created_at AS products_created_at, products.updated_at AS products_updated_at 
FROM products 
WHERE products.id = $1::INTEGER
[2026-08-31 14:44:39,478] INFO in base: [cached since 0.0727s ago] (1,)
[2026-08-31 14:44:39,479] ERROR in products_api: Error occurred while fetching product: Product not found
[2026-08-31 14:44:39,479] INFO in base: ROLLBACK
[2026-08-31 14:44:39,479] INFO in _client: HTTP Request: GET http://test/api/v1/products/1 "HTTP/1.1 404 Not Found"
[2026-08-31 14:44:39,480] INFO in base: BEGIN (implicit)
[2026-08-31 14:44:39,481] INFO in base: SELECT pg_catalog.pg_class.relname 
FROM pg_catalog.pg_class JOIN pg_catalog.pg_namespace ON pg_catalog.pg_namespace.oid = pg_catalog.pg_class.relnamespace 
WHERE pg_catalog.pg_class.relname = $1::VARCHAR AND pg_catalog.pg_class.relkind = ANY (ARRAY[$2::VARCHAR, $3::VARCHAR, $4::VARCHAR, $5::VARCHAR, $6::VARCHAR]) AND pg_catalog.pg_table_is_visible(pg_catalog.pg_class.oid) AND pg_catalog.pg_namespace.nspname != $7::VARCHAR
[2026-08-31 14:44:39,481] INFO in base: [cached since 0.1508s ago] ('products', 'r', 'p', 'f', 'v', 'm', 'pg_catalog')
[2026-08-31 14:44:39,482] INFO in base: 
DROP TABLE products
[2026-08-31 14:44:39,482] INFO in base: [no key 0.00021s] ()
[2026-08-31 14:44:39,485] INFO in base: SELECT pg_catalog.pg_type.typname 
FROM pg_catalog.pg_type JOIN pg_catalog.pg_namespace ON pg_catalog.pg_namespace.oid = pg_catalog.pg_type.typnamespace 
WHERE pg_catalog.pg_type.typname = $1::VARCHAR AND pg_catalog.pg_type_is_visible(pg_catalog.pg_type.oid) AND pg_catalog.pg_namespace.nspname != $2::VARCHAR
[2026-08-31 14:44:39,485] INFO in base: [cached since 0.1514s ago] ('currency_enum', 'pg_catalog')
[2026-08-31 14:44:39,486] INFO in base: DROP TYPE currency_enum
[2026-08-31 14:44:39,487] INFO in base: [no key 0.00020s] ()
[2026-08-31 14:44:39,488] INFO in base: COMMIT
[2026-08-31 14:44:39,490] INFO in base: BEGIN (implicit)
[2026-08-31 14:44:39,490] INFO in base: SELECT pg_catalog.pg_class.relname 
FROM pg_catalog.pg_class JOIN pg_catalog.pg_namespace ON pg_catalog.pg_namespace.oid = pg_catalog.pg_class.relnamespace 
WHERE pg_catalog.pg_class.relname = $1::VARCHAR AND pg_catalog.pg_class.relkind = ANY (ARRAY[$2::VARCHAR, $3::VARCHAR, $4::VARCHAR, $5::VARCHAR, $6::VARCHAR]) AND pg_catalog.pg_table_is_visible(pg_catalog.pg_class.oid) AND pg_catalog.pg_namespace.nspname != $7::VARCHAR
[2026-08-31 14:44:39,490] INFO in base: [cached since 0.1605s ago] ('products', 'r', 'p', 'f', 'v', 'm', 'pg_catalog')
[2026-08-31 14:44:39,492] INFO in base: SELECT pg_catalog.pg_type.typname 
FROM pg_catalog.pg_type JOIN pg_catalog.pg_namespace ON pg_catalog.pg_namespace.oid = pg_catalog.pg_type.typnamespace 
WHERE pg_catalog.pg_type.typname = $1::VARCHAR AND pg_catalog.pg_type_is_visible(pg_catalog.pg_type.oid) AND pg_catalog.pg_namespace.nspname != $2::VARCHAR
[2026-08-31 14:44:39,492] INFO in base: [cached since 0.1588s ago] ('currency_enum', 'pg_catalog')
[2026-08-31 14:44:39,494] INFO in base: CREATE TYPE currency_enum AS ENUM ('USD', 'EUR', 'CAD')
[2026-08-31 14:44:39,494] INFO in base: [no key 0.00017s] ()
[2026-08-31 14:44:39,495] INFO in base: 
CREATE TABLE products (
	id SERIAL NOT NULL, 
	name VARCHAR(255) NOT NULL, 
	price NUMERIC(15, 2) NOT NULL, 
	currency currency_enum NOT NULL, 
	sku VARCHAR(100) NOT NULL, 
	quantity NUMERIC(18, 3) NOT NULL, 
	is_active BOOLEAN NOT NULL, 
	created_at TIMESTAMP WITHOUT TIME ZONE DEFAULT now() NOT NULL, 
	updated_at TIMESTAMP WITHOUT TIME ZONE DEFAULT now() NOT NULL, 
	PRIMARY KEY (id), 
	CONSTRAINT check_price_positive CHECK (price > 0), 
	CONSTRAINT check_quantity_non_negative CHECK (quantity >= 0), 
	UNIQUE (sku)
)


[2026-08-31 14:44:39,496] INFO in base: [no key 0.00034s] ()
[2026-08-31 14:44:39,499] INFO in base: COMMIT
[2026-08-31 14:44:39,502] INFO in products_api: Creating new product
[2026-08-31 14:44:39,502] INFO in base: BEGIN (implicit)
[2026-08-31 14:44:39,503] INFO in base: INSERT INTO products (name, price, currency, sku, quantity, is_active) VALUES ($1::VARCHAR, $2::NUMERIC(15, 2), $3::currency_enum, $4::VARCHAR, $5::NUMERIC(18, 3), $6::BOOLEAN) RETURNING products.id, products.created_at, products.updated_at
[2026-08-31 14:44:39,503] INFO in base: [cached since 0.1458s ago] ('Test Product', Decimal('19.99'), 'USD', 'TESTSKU123', Decimal('10'), True)
[2026-08-31 14:44:39,510] INFO in base: COMMIT
[2026-08-31 14:44:39,511] INFO in _client: HTTP Request: POST http://test/api/v1/products "HTTP/1.1 201 Created"
[2026-08-31 14:44:39,513] INFO in products_api: Updating product with ID: 1
[2026-08-31 14:44:39,513] INFO in base: BEGIN (implicit)
[2026-08-31 14:44:39,514] INFO in base: SELECT products.id AS products_id, products.name AS products_name, products.price AS products_price, products.currency AS products_currency, products.sku AS products_sku, products.quantity AS products_quantity, products.is_active AS products_is_active, products.created_at AS products_created_at, products.updated_at AS products_updated_at 
FROM products 
WHERE products.id = $1::INTEGER
[2026-08-31 14:44:39,514] INFO in base: [cached since 0.1089s ago] (1,)
[2026-08-31 14:44:39,516] INFO in base: UPDATE products SET price=$1::NUMERIC(15, 2), updated_at=now() WHERE products.id = $2::INTEGER
[2026-08-31 14:44:39,516] INFO in base: [generated in 0.00022s] (Decimal('29.99'), 1)
[2026-08-31 14:44:39,518] INFO in base: COMMIT
[2026-08-31 14:44:39,519] INFO in _client: HTTP Request: PUT http://test/api/v1/products/1 "HTTP/1.1 200 OK"
[2026-08-31 14:44:39,520] INFO in products_api: Fetching product with ID: 1
[2026-08-31 14:44:39,521] INFO in base: BEGIN (implicit)
[2026-08-31 14:44:39,521] INFO in base: SELECT products.id AS products_id, products.name AS products_name, products.price AS products_price, products.currency AS products_currency, products.sku AS products_sku, products.quantity AS products_quantity, products.is_active AS products_is_active, products.created_at AS products_created_at, products.updated_at AS products_updated_at 
FROM products 
WHERE products.id = $1::INTEGER
[2026-08-31 14:44:39,521] INFO in base: [cached since 0.116s ago] (1,)
[2026-08-31 14:44:39,522] INFO in base: ROLLBACK
[2026-08-31 14:44:39,523] INFO in _client: HTTP Request: GET http://test/api/v1/products/1 "HTTP/1.1 200 OK"
[2026-08-31 14:44:39,524] INFO in base: BEGIN (implicit)
[2026-08-31 14:44:39,524] INFO in base: SELECT pg_catalog.pg_class.relname 
FROM pg_catalog.pg_class JOIN pg_catalog.pg_namespace ON pg_catalog.pg_namespace.oid = pg_catalog.pg_class.relnamespace 
WHERE pg_catalog.pg_class.relname = $1::VARCHAR AND pg_catalog.pg_class.relkind = ANY (ARRAY[$2::VARCHAR, $3::VARCHAR, $4::VARCHAR, $5::VARCHAR, $6::VARCHAR]) AND pg_catalog.pg_table_is_visible(pg_catalog.pg_class.oid) AND pg_catalog.pg_namespace.nspname != $7::VARCHAR
[2026-08-31 14:44:39,524] INFO in base: [cached since 0.1941s ago] ('products', 'r', 'p', 'f', 'v', 'm', 'pg_catalog')
[2026-08-31 14:44:39,525] INFO in base: 
DROP TABLE products
[2026-08-31 14:44:39,526] INFO in base: [no key 0.00016s] ()
[2026-08-31 14:44:39,528] INFO in base: SELECT pg_catalog.pg_type.typname 
FROM pg_catalog.pg_type JOIN pg_catalog.pg_namespace ON pg_catalog.pg_namespace.oid = pg_catalog.pg_type.typnamespace 
WHERE pg_catalog.pg_type.typname = $1::VARCHAR AND pg_catalog.pg_type_is_visible(pg_catalog.pg_type.oid) AND pg_catalog.pg_namespace.nspname != $2::VARCHAR
[2026-08-31 14:44:39,528] INFO in base: [cached since 0.1942s ago] ('currency_enum', 'pg_catalog')
[2026-08-31 14:44:39,529] INFO in base: DROP TYPE currency_enum
[2026-08-31 14:44:39,529] INFO in base: [no key 0.00018s] ()
[2026-08-31 14:44:39,530] INFO in base: COMMIT
[2026-08-31 14:44:39,533] INFO in base: BEGIN (implicit)
[2026-08-31 14:44:39,533] INFO in base: SELECT pg_catalog.pg_class.relname 
FROM pg_catalog.pg_class JOIN pg_catalog.pg_namespace ON pg_catalog.pg_namespace.oid = pg_catalog.pg_class.relnamespace 
WHERE pg_catalog.pg_class.relname = $1::VARCHAR AND pg_catalog.pg_class.relkind = ANY (ARRAY[$2::VARCHAR, $3::VARCHAR, $4::VARCHAR, $5::VARCHAR, $6::VARCHAR]) AND pg_catalog.pg_table_is_visible(pg_catalog.pg_class.oid) AND pg_catalog.pg_namespace.nspname != $7::VARCHAR
[2026-08-31 14:44:39,533] INFO in base: [cached since 0.2032s ago] ('products', 'r', 'p', 'f', 'v', 'm', 'pg_catalog')
[2026-08-31 14:44:39,535] INFO in base: SELECT pg_catalog.pg_type.typname 
FROM pg_catalog.pg_type JOIN pg_catalog.pg_namespace ON pg_catalog.pg_namespace.oid = pg_catalog.pg_type.typnamespace 
WHERE pg_catalog.pg_type.typname = $1::VARCHAR AND pg_catalog.pg_type_is_visible(pg_catalog.pg_type.oid) AND pg_catalog.pg_namespace.nspname != $2::VARCHAR
[2026-08-31 14:44:39,536] INFO in base: [cached since 0.202s ago] ('currency_enum', 'pg_catalog')
[2026-08-31 14:44:39,538] INFO in base: CREATE TYPE currency_enum AS ENUM ('USD', 'EUR', 'CAD')
[2026-08-31 14:44:39,538] INFO in base: [no key 0.00028s] ()
[2026-08-31 14:44:39,540] INFO in base: 
CREATE TABLE products (
	id SERIAL NOT NULL, 
	name VARCHAR(255) NOT NULL, 
	price NUMERIC(15, 2) NOT NULL, 
	currency currency_enum NOT NULL, 
	sku VARCHAR(100) NOT NULL, 
	quantity NUMERIC(18, 3) NOT NULL, 
	is_active BOOLEAN NOT NULL, 
	created_at TIMESTAMP WITHOUT TIME ZONE DEFAULT now() NOT NULL, 
	updated_at TIMESTAMP WITHOUT TIME ZONE DEFAULT now() NOT NULL, 
	PRIMARY KEY (id), 
	CONSTRAINT check_price_positive CHECK (price > 0), 
	CONSTRAINT check_quantity_non_negative CHECK (quantity >= 0), 
	UNIQUE (sku)
)


[2026-08-31 14:44:39,540] INFO in base: [no key 0.00022s] ()
[2026-08-31 14:44:39,543] INFO in base: COMMIT
[2026-08-31 14:44:39,546] INFO in products_api: Creating new product
[2026-08-31 14:44:39,547] INFO in base: BEGIN (implicit)
[2026-08-31 14:44:39,547] INFO in base: INSERT INTO products (name, price, currency, sku, quantity, is_active) VALUES ($1::VARCHAR, $2::NUMERIC(15, 2), $3::currency_enum, $4::VARCHAR, $5::NUMERIC(18, 3), $6::BOOLEAN) RETURNING products.id, products.created_at, products.updated_at
[2026-08-31 14:44:39,547] INFO in base: [cached since 0.19s ago] ('Test Product', Decimal('19.99'), 'USD', 'TESTSKU123', Decimal('10'), True)
[2026-08-31 14:44:39,554] INFO in base: COMMIT
[2026-08-31 14:44:39,555] INFO in _client: HTTP Request: POST http://test/api/v1/products "HTTP/1.1 201 Created"
[2026-08-31 14:44:39,556] INFO in products_api: Creating new product
[2026-08-31 14:44:39,557] INFO in base: BEGIN (implicit)
[2026-08-31 14:44:39,557] INFO in base: INSERT INTO products (name, price, currency, sku, quantity, is_active) VALUES ($1::VARCHAR, $2::NUMERIC(15, 2), $3::currency_enum, $4::VARCHAR, $5::NUMERIC(18, 3), $6::BOOLEAN) RETURNING products.id, products.created_at, products.updated_at
[2026-08-31 14:44:39,557] INFO in base: [cached since 0.2001s ago] ('Test Product', Decimal('19.99'), 'USD', 'TESTSKU123', Decimal('10'), True)
[2026-08-31 14:44:39,558] INFO in base: ROLLBACK
[2026-08-31 14:44:39,559] ERROR in products_api: Error occurred while creating product: Product already exists
[2026-08-31 14:44:39,559] INFO in _client: HTTP Request: POST http://test/api/v1/products "HTTP/1.1 400 Bad Request"
[2026-08-31 14:44:39,561] INFO in base: BEGIN (implicit)
[2026-08-31 14:44:39,561] INFO in base: SELECT pg_catalog.pg_class.relname 
FROM pg_catalog.pg_class JOIN pg_catalog.pg_namespace ON pg_catalog.pg_namespace.oid = pg_catalog.pg_class.relnamespace 
WHERE pg_catalog.pg_class.relname = $1::VARCHAR AND pg_catalog.pg_class.relkind = ANY (ARRAY[$2::VARCHAR, $3::VARCHAR, $4::VARCHAR, $5::VARCHAR, $6::VARCHAR]) AND pg_catalog.pg_table_is_visible(pg_catalog.pg_class.oid) AND pg_catalog.pg_namespace.nspname != $7::VARCHAR
[2026-08-31 14:44:39,561] INFO in base: [cached since 0.2311s ago] ('products', 'r', 'p', 'f', 'v', 'm', 'pg_catalog')
[2026-08-31 14:44:39,563] INFO in base: 
DROP TABLE products
[2026-08-31 14:44:39,563] INFO in base: [no key 0.00030s] ()
[2026-08-31 14:44:39,565] INFO in base: SELECT pg_catalog.pg_type.typname 
FROM pg_catalog.pg_type JOIN pg_catalog.pg_namespace ON pg_catalog.pg_namespace.oid = pg_catalog.pg_type.typnamespace 
WHERE pg_catalog.pg_type.typname = $1::VARCHAR AND pg_catalog.pg_type_is_visible(pg_catalog.pg_type.oid) AND pg_catalog.pg_namespace.nspname != $2::VARCHAR
[2026-08-31 14:44:39,566] INFO in base: [cached since 0.232s ago] ('currency_enum', 'pg_catalog')
[2026-08-31 14:44:39,567] INFO in base: DROP TYPE currency_enum
[2026-08-31 14:44:39,567] INFO in base: [no key 0.00020s] ()
[2026-08-31 14:44:39,568] INFO in base: COMMIT
[2026-08-31 14:44:39,571] INFO in base: BEGIN (implicit)
[2026-08-31 14:44:39,571] INFO in base: SELECT pg_catalog.pg_class.relname 
FROM pg_catalog.pg_class JOIN pg_catalog.pg_namespace ON pg_catalog.pg_namespace.oid = pg_catalog.pg_class.relnamespace 
WHERE pg_catalog.pg_class.relname = $1::VARCHAR AND pg_catalog.pg_class.relkind = ANY (ARRAY[$2::VARCHAR, $3::VARCHAR, $4::VARCHAR, $5::VARCHAR, $6::VARCHAR]) AND pg_catalog.pg_table_is_visible(pg_catalog.pg_class.oid) AND pg_catalog.pg_namespace.nspname != $7::VARCHAR
[2026-08-31 14:44:39,571] INFO in base: [cached since 0.2413s ago] ('products', 'r', 'p', 'f', 'v', 'm', 'pg_catalog')
[2026-08-31 14:44:39,573] INFO in base: SELECT pg_catalog.pg_type.typname 
FROM pg_catalog.pg_type JOIN pg_catalog.pg_namespace ON pg_catalog.pg_namespace.oid = pg_catalog.pg_type.typnamespace 
WHERE pg_catalog.pg_type.typname = $1::VARCHAR AND pg_catalog.pg_type_is_visible(pg_catalog.pg_type.oid) AND pg_catalog.pg_namespace.nspname != $2::VARCHAR
[2026-08-31 14:44:39,573] INFO in base: [cached since 0.2396s ago] ('currency_enum', 'pg_catalog')
[2026-08-31 14:44:39,575] INFO in base: CREATE TYPE currency_enum AS ENUM ('USD', 'EUR', 'CAD')
[2026-08-31 14:44:39,575] INFO in base: [no key 0.00033s] ()
[2026-08-31 14:44:39,577] INFO in base: 
CREATE TABLE products (
	id SERIAL NOT NULL, 
	name VARCHAR(255) NOT NULL, 
	price NUMERIC(15, 2) NOT NULL, 
	currency currency_enum NOT NULL, 
	sku VARCHAR(100) NOT NULL, 
	quantity NUMERIC(18, 3) NOT NULL, 
	is_active BOOLEAN NOT NULL, 
	created_at TIMESTAMP WITHOUT TIME ZONE DEFAULT now() NOT NULL, 
	updated_at TIMESTAMP WITHOUT TIME ZONE DEFAULT now() NOT NULL, 
	PRIMARY KEY (id), 
	CONSTRAINT check_price_positive CHECK (price > 0), 
	CONSTRAINT check_quantity_non_negative CHECK (quantity >= 0), 
	UNIQUE (sku)
)


[2026-08-31 14:44:39,577] INFO in base: [no key 0.00027s] ()
[2026-08-31 14:44:39,580] INFO in base: COMMIT
[2026-08-31 14:44:39,582] INFO in products_api: Creating new product
[2026-08-31 14:44:39,583] INFO in base: BEGIN (implicit)
[2026-08-31 14:44:39,583] INFO in base: INSERT INTO products (name, price, currency, sku, quantity, is_active) VALUES ($1::VARCHAR, $2::NUMERIC(15, 2), $3::currency_enum, $4::VARCHAR, $5::NUMERIC(18, 3), $6::BOOLEAN) RETURNING products.id, products.created_at, products.updated_at
[2026-08-31 14:44:39,583] INFO in base: [cached since 0.2261s ago] ('Test Product', Decimal('-10.0'), 'USD', 'TESTSKU123', Decimal('10'), True)
[2026-08-31 14:44:39,590] INFO in base: ROLLBACK
[2026-08-31 14:44:39,591] ERROR in products_api: Error occurred while creating product: ('Invalid product data', '<class \'asyncpg.exceptions.CheckViolationError\'>: new row for relation "products" violates check constraint "check_price_positive"\nDETAIL:  Failing row contains (1, Test Product, -10.00, USD, TESTSKU123, 10.000, t, 2026-08-31 06:44:39.583988, 2026-08-31 06:44:39.583988).')
[2026-08-31 14:44:39,591] INFO in _client: HTTP Request: POST http://test/api/v1/products "HTTP/1.1 422 Unprocessable Content"
[2026-08-31 14:44:39,592] INFO in base: BEGIN (implicit)
[2026-08-31 14:44:39,592] INFO in base: SELECT pg_catalog.pg_class.relname 
FROM pg_catalog.pg_class JOIN pg_catalog.pg_namespace ON pg_catalog.pg_namespace.oid = pg_catalog.pg_class.relnamespace 
WHERE pg_catalog.pg_class.relname = $1::VARCHAR AND pg_catalog.pg_class.relkind = ANY (ARRAY[$2::VARCHAR, $3::VARCHAR, $4::VARCHAR, $5::VARCHAR, $6::VARCHAR]) AND pg_catalog.pg_table_is_visible(pg_catalog.pg_class.oid) AND pg_catalog.pg_namespace.nspname != $7::VARCHAR
[2026-08-31 14:44:39,592] INFO in base: [cached since 0.2623s ago] ('products', 'r', 'p', 'f', 'v', 'm', 'pg_catalog')
[2026-08-31 14:44:39,593] INFO in base: 
DROP TABLE products
[2026-08-31 14:44:39,594] INFO in base: [no key 0.00014s] ()
[2026-08-31 14:44:39,596] INFO in base: SELECT pg_catalog.pg_type.typname 
FROM pg_catalog.pg_type JOIN pg_catalog.pg_namespace ON pg_catalog.pg_namespace.oid = pg_catalog.pg_type.typnamespace 
WHERE pg_catalog.pg_type.typname = $1::VARCHAR AND pg_catalog.pg_type_is_visible(pg_catalog.pg_type.oid) AND pg_catalog.pg_namespace.nspname != $2::VARCHAR
[2026-08-31 14:44:39,596] INFO in base: [cached since 0.2621s ago] ('currency_enum', 'pg_catalog')
[2026-08-31 14:44:39,597] INFO in base: DROP TYPE currency_enum
[2026-08-31 14:44:39,597] INFO in base: [no key 0.00016s] ()
[2026-08-31 14:44:39,598] INFO in base: COMMIT
[2026-08-31 14:44:39,600] INFO in base: BEGIN (implicit)
[2026-08-31 14:44:39,601] INFO in base: SELECT pg_catalog.pg_class.relname 
FROM pg_catalog.pg_class JOIN pg_catalog.pg_namespace ON pg_catalog.pg_namespace.oid = pg_catalog.pg_class.relnamespace 
WHERE pg_catalog.pg_class.relname = $1::VARCHAR AND pg_catalog.pg_class.relkind = ANY (ARRAY[$2::VARCHAR, $3::VARCHAR, $4::VARCHAR, $5::VARCHAR, $6::VARCHAR]) AND pg_catalog.pg_table_is_visible(pg_catalog.pg_class.oid) AND pg_catalog.pg_namespace.nspname != $7::VARCHAR
[2026-08-31 14:44:39,601] INFO in base: [cached since 0.2709s ago] ('products', 'r', 'p', 'f', 'v', 'm', 'pg_catalog')
[2026-08-31 14:44:39,603] INFO in base: SELECT pg_catalog.pg_type.typname 
FROM pg_catalog.pg_type JOIN pg_catalog.pg_namespace ON pg_catalog.pg_namespace.oid = pg_catalog.pg_type.typnamespace 
WHERE pg_catalog.pg_type.typname = $1::VARCHAR AND pg_catalog.pg_type_is_visible(pg_catalog.pg_type.oid) AND pg_catalog.pg_namespace.nspname != $2::VARCHAR
[2026-08-31 14:44:39,603] INFO in base: [cached since 0.269s ago] ('currency_enum', 'pg_catalog')
[2026-08-31 14:44:39,604] INFO in base: CREATE TYPE currency_enum AS ENUM ('USD', 'EUR', 'CAD')
[2026-08-31 14:44:39,605] INFO in base: [no key 0.00026s] ()
[2026-08-31 14:44:39,606] INFO in base: 
CREATE TABLE products (
	id SERIAL NOT NULL, 
	name VARCHAR(255) NOT NULL, 
	price NUMERIC(15, 2) NOT NULL, 
	currency currency_enum NOT NULL, 
	sku VARCHAR(100) NOT NULL, 
	quantity NUMERIC(18, 3) NOT NULL, 
	is_active BOOLEAN NOT NULL, 
	created_at TIMESTAMP WITHOUT TIME ZONE DEFAULT now() NOT NULL, 
	updated_at TIMESTAMP WITHOUT TIME ZONE DEFAULT now() NOT NULL, 
	PRIMARY KEY (id), 
	CONSTRAINT check_price_positive CHECK (price > 0), 
	CONSTRAINT check_quantity_non_negative CHECK (quantity >= 0), 
	UNIQUE (sku)
)


[2026-08-31 14:44:39,606] INFO in base: [no key 0.00021s] ()
[2026-08-31 14:44:39,609] INFO in base: COMMIT
[2026-08-31 14:44:39,612] INFO in _client: HTTP Request: POST http://test/api/v1/products "HTTP/1.1 422 Unprocessable Content"
[2026-08-31 14:44:39,613] INFO in base: BEGIN (implicit)
[2026-08-31 14:44:39,614] INFO in base: SELECT pg_catalog.pg_class.relname 
FROM pg_catalog.pg_class JOIN pg_catalog.pg_namespace ON pg_catalog.pg_namespace.oid = pg_catalog.pg_class.relnamespace 
WHERE pg_catalog.pg_class.relname = $1::VARCHAR AND pg_catalog.pg_class.relkind = ANY (ARRAY[$2::VARCHAR, $3::VARCHAR, $4::VARCHAR, $5::VARCHAR, $6::VARCHAR]) AND pg_catalog.pg_table_is_visible(pg_catalog.pg_class.oid) AND pg_catalog.pg_namespace.nspname != $7::VARCHAR
[2026-08-31 14:44:39,614] INFO in base: [cached since 0.2838s ago] ('products', 'r', 'p', 'f', 'v', 'm', 'pg_catalog')
[2026-08-31 14:44:39,615] INFO in base: 
DROP TABLE products
[2026-08-31 14:44:39,615] INFO in base: [no key 0.00016s] ()
[2026-08-31 14:44:39,617] INFO in base: SELECT pg_catalog.pg_type.typname 
FROM pg_catalog.pg_type JOIN pg_catalog.pg_namespace ON pg_catalog.pg_namespace.oid = pg_catalog.pg_type.typnamespace 
WHERE pg_catalog.pg_type.typname = $1::VARCHAR AND pg_catalog.pg_type_is_visible(pg_catalog.pg_type.oid) AND pg_catalog.pg_namespace.nspname != $2::VARCHAR
[2026-08-31 14:44:39,617] INFO in base: [cached since 0.2837s ago] ('currency_enum', 'pg_catalog')
[2026-08-31 14:44:39,619] INFO in base: DROP TYPE currency_enum
[2026-08-31 14:44:39,619] INFO in base: [no key 0.00019s] ()
[2026-08-31 14:44:39,620] INFO in base: COMMIT
[2026-08-31 14:44:39,622] INFO in base: BEGIN (implicit)
[2026-08-31 14:44:39,623] INFO in base: SELECT pg_catalog.pg_class.relname 
FROM pg_catalog.pg_class JOIN pg_catalog.pg_namespace ON pg_catalog.pg_namespace.oid = pg_catalog.pg_class.relnamespace 
WHERE pg_catalog.pg_class.relname = $1::VARCHAR AND pg_catalog.pg_class.relkind = ANY (ARRAY[$2::VARCHAR, $3::VARCHAR, $4::VARCHAR, $5::VARCHAR, $6::VARCHAR]) AND pg_catalog.pg_table_is_visible(pg_catalog.pg_class.oid) AND pg_catalog.pg_namespace.nspname != $7::VARCHAR
[2026-08-31 14:44:39,623] INFO in base: [cached since 0.2929s ago] ('products', 'r', 'p', 'f', 'v', 'm', 'pg_catalog')
[2026-08-31 14:44:39,625] INFO in base: SELECT pg_catalog.pg_type.typname 
FROM pg_catalog.pg_type JOIN pg_catalog.pg_namespace ON pg_catalog.pg_namespace.oid = pg_catalog.pg_type.typnamespace 
WHERE pg_catalog.pg_type.typname = $1::VARCHAR AND pg_catalog.pg_type_is_visible(pg_catalog.pg_type.oid) AND pg_catalog.pg_namespace.nspname != $2::VARCHAR
[2026-08-31 14:44:39,625] INFO in base: [cached since 0.2912s ago] ('currency_enum', 'pg_catalog')
[2026-08-31 14:44:39,627] INFO in base: CREATE TYPE currency_enum AS ENUM ('USD', 'EUR', 'CAD')
[2026-08-31 14:44:39,627] INFO in base: [no key 0.00019s] ()
[2026-08-31 14:44:39,628] INFO in base: 
CREATE TABLE products (
	id SERIAL NOT NULL, 
	name VARCHAR(255) NOT NULL, 
	price NUMERIC(15, 2) NOT NULL, 
	currency currency_enum NOT NULL, 
	sku VARCHAR(100) NOT NULL, 
	quantity NUMERIC(18, 3) NOT NULL, 
	is_active BOOLEAN NOT NULL, 
	created_at TIMESTAMP WITHOUT TIME ZONE DEFAULT now() NOT NULL, 
	updated_at TIMESTAMP WITHOUT TIME ZONE DEFAULT now() NOT NULL, 
	PRIMARY KEY (id), 
	CONSTRAINT check_price_positive CHECK (price > 0), 
	CONSTRAINT check_quantity_non_negative CHECK (quantity >= 0), 
	UNIQUE (sku)
)


[2026-08-31 14:44:39,628] INFO in base: [no key 0.00016s] ()
[2026-08-31 14:44:39,630] INFO in base: COMMIT
[2026-08-31 14:44:39,634] INFO in _client: HTTP Request: POST http://test/api/v1/products "HTTP/1.1 422 Unprocessable Content"
[2026-08-31 14:44:39,667] INFO in base: BEGIN (implicit)
[2026-08-31 14:44:39,668] INFO in base: SELECT pg_catalog.pg_class.relname 
FROM pg_catalog.pg_class JOIN pg_catalog.pg_namespace ON pg_catalog.pg_namespace.oid = pg_catalog.pg_class.relnamespace 
WHERE pg_catalog.pg_class.relname = $1::VARCHAR AND pg_catalog.pg_class.relkind = ANY (ARRAY[$2::VARCHAR, $3::VARCHAR, $4::VARCHAR, $5::VARCHAR, $6::VARCHAR]) AND pg_catalog.pg_table_is_visible(pg_catalog.pg_class.oid) AND pg_catalog.pg_namespace.nspname != $7::VARCHAR
[2026-08-31 14:44:39,668] INFO in base: [cached since 0.3379s ago] ('products', 'r', 'p', 'f', 'v', 'm', 'pg_catalog')
[2026-08-31 14:44:39,670] INFO in base: 
DROP TABLE products
[2026-08-31 14:44:39,670] INFO in base: [no key 0.00019s] ()
[2026-08-31 14:44:39,672] INFO in base: SELECT pg_catalog.pg_type.typname 
FROM pg_catalog.pg_type JOIN pg_catalog.pg_namespace ON pg_catalog.pg_namespace.oid = pg_catalog.pg_type.typnamespace 
WHERE pg_catalog.pg_type.typname = $1::VARCHAR AND pg_catalog.pg_type_is_visible(pg_catalog.pg_type.oid) AND pg_catalog.pg_namespace.nspname != $2::VARCHAR
[2026-08-31 14:44:39,672] INFO in base: [cached since 0.3383s ago] ('currency_enum', 'pg_catalog')
[2026-08-31 14:44:39,674] INFO in base: DROP TYPE currency_enum
[2026-08-31 14:44:39,674] INFO in base: [no key 0.00017s] ()
[2026-08-31 14:44:39,675] INFO in base: COMMIT
